person_age,person_income,ownership,employee_length,loan_purpose,loan_grade,loan_nominal,loan_rate,loan_status,loan_percent_income,default_before,credit_years,income_by_year,nominal_loan
22,59000,RENT,1,PERSONAL,D,35000,16.02,1,0.59,Y,3,118000000,35000000
21,9600,OWN,5,EDUCATION,B,1000,11.14,0,0.1,N,2,19200000,1000000
25,9600,MORTGAGE,1,MEDICAL,C,5500,12.87,1,0.57,N,3,19200000,5500000
23,65500,RENT,4,MEDICAL,C,35000,15.23,1,0.53,N,2,131000000,35000000
24,54400,RENT,8,MEDICAL,C,35000,14.27,1,0.55,Y,4,108800000,35000000
21,9900,OWN,2,VENTURE,A,2500,7.14,1,0.25,N,2,19800000,2500000
26,77100,RENT,8,EDUCATION,B,35000,12.42,1,0.45,N,3,154200000,35000000
24,78956,RENT,5,MEDICAL,B,35000,11.11,1,0.44,N,4,157912000,35000000
24,83000,RENT,8,PERSONAL,A,35000,8.9,1,0.42,N,2,166000000,35000000
21,10000,OWN,6,VENTURE,D,1600,14.74,1,0.16,N,3,20000000,1600000
22,85000,RENT,6,VENTURE,B,35000,10.37,1,0.41,N,4,170000000,35000000
21,10000,OWN,2,HOMEIMPROVEMENT,A,4500,8.63,1,0.45,N,2,20000000,4500000
23,95000,RENT,2,VENTURE,A,35000,7.9,1,0.37,N,2,190000000,35000000
26,108160,RENT,4,EDUCATION,E,35000,18.39,1,0.32,N,4,216320000,35000000
23,115000,RENT,2,EDUCATION,A,35000,7.9,0,0.3,N,4,230000000,35000000
23,500000,MORTGAGE,7,DEBTCONSOLIDATION,B,30000,10.65,0,0.06,N,3,1000000000,30000000
23,120000,RENT,0,EDUCATION,A,35000,7.9,0,0.29,N,4,240000000,35000000
23,92111,RENT,7,MEDICAL,F,35000,20.25,1,0.32,N,4,184222000,35000000
23,113000,RENT,8,DEBTCONSOLIDATION,D,35000,18.25,1,0.31,N,4,226000000,35000000
24,10800,MORTGAGE,8,EDUCATION,B,1750,10.99,1,0.16,N,2,21600000,1750000
25,162500,RENT,2,VENTURE,A,35000,7.49,0,0.22,N,4,325000000,35000000
25,137000,RENT,9,PERSONAL,E,34800,16.77,0,0.25,Y,2,274000000,34800000
22,65000,RENT,4,EDUCATION,D,34000,17.58,1,0.52,N,4,130000000,34000000
24,10980,OWN,0,PERSONAL,A,1500,7.29,0,0.14,N,3,21960000,1500000
22,80000,RENT,3,PERSONAL,D,33950,14.54,1,0.42,Y,4,160000000,33950000
24,67746,RENT,8,HOMEIMPROVEMENT,C,33000,12.68,1,0.49,N,3,135492000,33000000
21,11000,MORTGAGE,3,VENTURE,E,4575,17.74,1,0.42,Y,3,22000000,4575000
23,11000,OWN,0,PERSONAL,A,1400,9.32,0,0.13,N,3,22000000,1400000
24,65000,RENT,6,HOMEIMPROVEMENT,B,32500,9.99,1,0.5,N,3,130000000,32500000
21,11389,OTHER,5,EDUCATION,C,4000,12.84,1,0.35,Y,2,22778000,4000000
21,11520,OWN,5,MEDICAL,B,2000,11.12,1,0.17,N,3,23040000,2000000
25,120000,RENT,2,VENTURE,A,32000,6.62,0,0.27,N,2,240000000,32000000
26,95000,RENT,7,HOMEIMPROVEMENT,C,31050,14.17,1,0.33,Y,3,190000000,31050000
25,306000,RENT,2,DEBTCONSOLIDATION,C,24250,13.85,0,0.08,N,3,612000000,24250000
26,300000,MORTGAGE,10,MEDICAL,C,7800,13.49,0,0.03,N,4,600000000,7800000
21,12000,OWN,5,EDUCATION,A,2500,7.51,1,0.21,N,4,24000000,2500000
22,48000,RENT,1,EDUCATION,E,30000,18.39,1,0.63,N,2,96000000,30000000
24,64000,RENT,8,DEBTCONSOLIDATION,D,30000,14.54,1,0.47,Y,3,128000000,30000000
25,75000,RENT,4,HOMEIMPROVEMENT,D,30000,16.89,1,0.4,Y,4,150000000,30000000
26,62050,RENT,6,MEDICAL,E,30000,17.99,1,0.41,N,2,124100000,30000000
24,12000,OWN,4,VENTURE,B,2500,12.69,1,0.21,N,3,24000000,2500000
26,300000,MORTGAGE,10,VENTURE,A,20000,7.88,0,0.07,N,4,600000000,20000000
23,300000,OWN,1,EDUCATION,F,24250,19.41,0,0.08,Y,2,600000000,24250000
26,300000,OWN,9,HOMEIMPROVEMENT,B,10000,10.38,0,0.03,N,4,600000000,10000000
26,300000,MORTGAGE,0,EDUCATION,D,25000,15.33,0,0.08,N,3,600000000,25000000
25,300000,MORTGAGE,9,HOMEIMPROVEMENT,E,18000,16.45,0,0.06,N,3,600000000,18000000
26,80690,RENT,8,PERSONAL,A,30000,7.49,1,0.37,N,3,161380000,30000000
22,66300,RENT,4,MEDICAL,B,30000,12.69,1,0.38,N,3,132600000,30000000
26,89028,RENT,0,DEBTCONSOLIDATION,A,30000,6.62,1,0.34,N,3,178056000,30000000
23,78000,RENT,7,DEBTCONSOLIDATION,F,30000,18.62,1,0.38,Y,3,156000000,30000000
23,92004,RENT,6,PERSONAL,C,30000,15.23,1,0.33,Y,3,184008000,30000000
23,97000,RENT,7,VENTURE,B,30000,10.65,1,0.31,N,2,194000000,30000000
25,120000,RENT,9,EDUCATION,A,30000,7.9,0,0.25,N,4,240000000,30000000
26,280000,RENT,4,PERSONAL,C,10000,15.96,0,0.04,Y,3,560000000,10000000
26,277104,RENT,0,VENTURE,B,20000,11.48,0,0.07,N,3,554208000,20000000
25,128000,RENT,9,PERSONAL,A,30000,7.29,0,0.23,N,4,256000000,30000000
21,131000,RENT,0,VENTURE,A,30000,5.99,0,0.23,N,4,262000000,30000000
22,275000,OWN,6,VENTURE,B,12000,11.58,0,0.04,N,2,550000000,12000000
25,221850,MORTGAGE,9,MEDICAL,D,25000,15.7,1,0.1,N,2,443700000,25000000
22,70000,RENT,6,EDUCATION,D,29100,15.99,1,0.42,N,3,140000000,29100000
22,12000,MORTGAGE,7,EDUCATION,D,1500,14.84,0,0.13,Y,3,24000000,1500000
26,260000,OWN,10,HOMEIMPROVEMENT,B,28000,10.99,0,0.11,N,3,520000000,28000000
25,259000,MORTGAGE,9,HOMEIMPROVEMENT,D,20000,14.42,0,0.08,Y,2,518000000,20000000
24,255000,MORTGAGE,9,EDUCATION,A,9600,6.99,0,0.04,N,2,510000000,9600000
25,250000,RENT,2,MEDICAL,C,25000,13.49,0,0.1,N,4,500000000,25000000
21,12000,OWN,6,EDUCATION,C,3000,13.61,1,0.25,Y,3,24000000,3000000
23,65000,RENT,2,EDUCATION,A,28000,7.9,1,0.43,N,2,130000000,28000000
26,85000,RENT,2,VENTURE,A,28000,7.49,1,0.33,N,3,170000000,28000000
26,12000,OWN,2,EDUCATION,A,6100,7.51,1,0.51,N,3,24000000,6100000
22,88000,RENT,6,VENTURE,B,28000,9.91,1,0.32,N,3,176000000,28000000
21,12000,OWN,0,PERSONAL,C,4200,13.48,1,0.35,Y,4,24000000,4200000
22,12000,OWN,6,DEBTCONSOLIDATION,A,4750,7.14,1,0.4,N,2,24000000,4750000
24,83004,RENT,0,VENTURE,D,28000,15.99,1,0.34,Y,4,166008000,28000000
24,250000,RENT,2,EDUCATION,C,18000,12.98,0,0.07,Y,3,500000000,18000000
19,250000,RENT,4,VENTURE,C,4800,13.57,0,0.02,N,3,500000000,4800000
25,100000,RENT,5,DEBTCONSOLIDATION,B,28000,12.69,0,0.28,N,3,200000000,28000000
26,110000,RENT,10,EDUCATION,A,28000,8.9,0,0.25,N,2,220000000,28000000
23,151200,RENT,7,DEBTCONSOLIDATION,B,28000,11.11,0,0.19,N,2,302400000,28000000
21,12000,MORTGAGE,5,DEBTCONSOLIDATION,E,3250,15.68,1,0.27,Y,3,24000000,3250000
22,70000,RENT,4,EDUCATION,C,27500,13.06,1,0.39,Y,3,140000000,27500000
26,73200,RENT,5,VENTURE,D,27050,15.62,1,0.37,Y,2,146400000,27050000
24,83000,RENT,5,PERSONAL,C,27000,13.49,1,0.33,Y,2,166000000,27000000
23,62500,RENT,7,MEDICAL,B,26000,11.71,1,0.42,N,2,125000000,26000000
23,120000,RENT,1,EDUCATION,B,25600,12.69,0,0.21,N,3,240000000,25600000
24,12360,OWN,2,MEDICAL,C,1600,13.57,0,0.13,N,3,24720000,1600000
22,60000,RENT,0,VENTURE,B,25475,10.99,1,0.42,N,3,120000000,25475000
25,234000,MORTGAGE,3,MEDICAL,C,20000,14.27,0,0.09,Y,4,468000000,20000000
24,234000,OWN,8,HOMEIMPROVEMENT,B,20000,8.88,0,0.09,N,4,468000000,20000000
26,234000,MORTGAGE,10,HOMEIMPROVEMENT,B,21600,12.18,0,0.09,N,3,468000000,21600000
25,221004,MORTGAGE,6,DEBTCONSOLIDATION,D,11900,14.42,1,0.05,Y,3,442008000,11900000
26,232500,MORTGAGE,0,MEDICAL,C,25000,14.17,0,0.11,Y,2,465000000,25000000
25,230000,MORTGAGE,5,MEDICAL,C,35000,13.99,0,0.15,N,4,460000000,35000000
23,83000,RENT,7,EDUCATION,B,25300,10.99,1,0.3,N,3,166000000,25300000
25,12600,OWN,3,PERSONAL,C,1750,13.61,0,0.14,N,3,25200000,1750000
21,42500,RENT,3,EDUCATION,C,25000,12.73,1,0.59,Y,3,85000000,25000000
25,12816,OWN,0,DEBTCONSOLIDATION,C,3000,12.87,1,0.23,Y,4,25632000,3000000
24,12960,MORTGAGE,1,HOMEIMPROVEMENT,B,3650,9.91,1,0.28,N,3,25920000,3650000
26,226000,MORTGAGE,4,HOMEIMPROVEMENT,B,20000,11.49,0,0.09,N,4,452000000,20000000
25,225000,MORTGAGE,0,HOMEIMPROVEMENT,E,30000,19.91,0,0.13,Y,2,450000000,30000000
26,213000,MORTGAGE,6,EDUCATION,B,35000,10.65,1,0.16,N,2,426000000,35000000
24,12960,MORTGAGE,0,DEBTCONSOLIDATION,B,4500,11.83,1,0.35,N,4,25920000,4500000
23,12996,OWN,0,DEBTCONSOLIDATION,C,2400,13.49,1,0.18,Y,2,25992000,2400000
22,42000,RENT,6,MEDICAL,D,25000,14.59,1,0.6,Y,2,84000000,25000000
26,48000,RENT,2,EDUCATION,B,25000,9.64,1,0.52,N,4,96000000,25000000
25,12996,OWN,1,MEDICAL,D,3600,14.59,1,0.28,N,3,25992000,3600000
25,42360,RENT,1,EDUCATION,E,25000,16.35,1,0.59,Y,3,84720000,25000000
21,49000,RENT,4,EDUCATION,B,25000,10.99,1,0.51,N,2,98000000,25000000
25,225000,MORTGAGE,0,VENTURE,F,25000,18.67,0,0.11,N,2,450000000,25000000
26,225000,RENT,1,EDUCATION,A,3000,9.32,0,0.01,N,4,450000000,3000000
23,225000,RENT,8,DEBTCONSOLIDATION,A,7500,8.63,0,0.03,N,2,450000000,7500000
26,225000,MORTGAGE,2,VENTURE,B,25000,10.08,0,0.11,N,2,450000000,25000000
22,49464,RENT,5,PERSONAL,B,25000,11.83,1,0.51,N,3,98928000,25000000
23,50000,RENT,1,DEBTCONSOLIDATION,A,25000,7.9,1,0.5,N,3,100000000,25000000
25,50000,RENT,4,HOMEIMPROVEMENT,A,25000,5.99,1,0.5,N,2,100000000,25000000
24,44000,RENT,2,DEBTCONSOLIDATION,D,25000,15.33,1,0.57,N,2,88000000,25000000
23,50000,RENT,1,VENTURE,B,25000,11.83,1,0.5,N,4,100000000,25000000
22,50004,RENT,0,VENTURE,B,25000,10.36,1,0.5,N,2,100008000,25000000
22,50004,RENT,3,VENTURE,C,25000,12.23,1,0.5,N,3,100008000,25000000
22,52000,RENT,2,EDUCATION,B,25000,11.11,1,0.48,N,4,104000000,25000000
23,13200,OWN,3,DEBTCONSOLIDATION,A,4950,7.9,1,0.38,N,4,26400000,4950000
24,220000,MORTGAGE,1,EDUCATION,B,25000,11.58,0,0.11,N,2,440000000,25000000
23,216000,MORTGAGE,5,DEBTCONSOLIDATION,A,21000,8.9,0,0.1,N,3,432000000,21000000
25,216000,MORTGAGE,2,EDUCATION,D,25000,16.07,0,0.12,N,3,432000000,25000000
26,216000,MORTGAGE,10,EDUCATION,C,20000,14.22,0,0.09,Y,2,432000000,20000000
23,215000,MORTGAGE,7,MEDICAL,C,35000,14.79,0,0.16,Y,3,430000000,35000000
26,215000,MORTGAGE,11,EDUCATION,A,12000,7.88,0,0.06,N,2,430000000,12000000
23,52000,RENT,1,PERSONAL,C,25000,13.22,1,0.48,N,2,104000000,25000000
26,46000,RENT,2,DEBTCONSOLIDATION,D,25000,11.86,1,0.54,N,4,92000000,25000000
22,53000,RENT,5,EDUCATION,C,25000,13.43,1,0.47,Y,4,106000000,25000000
26,47000,RENT,0,HOMEIMPROVEMENT,D,25000,15.28,1,0.53,Y,2,94000000,25000000
23,47000,RENT,1,VENTURE,E,25000,17.93,1,0.53,N,2,94000000,25000000
23,13200,MORTGAGE,2,EDUCATION,B,1400,9.25,0,0.11,N,4,26400000,1400000
21,13200,OWN,0,VENTURE,C,4500,12.98,1,0.34,N,4,26400000,4500000
22,210000,MORTGAGE,6,VENTURE,B,16000,10.62,0,0.08,N,4,420000000,16000000
26,210000,OWN,10,PERSONAL,B,22000,11.83,0,0.1,N,4,420000000,22000000
26,48000,RENT,5,VENTURE,F,25000,18.43,1,0.52,N,2,96000000,25000000
23,55000,RENT,4,EDUCATION,B,25000,11.36,1,0.45,N,3,110000000,25000000
23,55000,RENT,4,EDUCATION,D,25000,15.65,1,0.45,Y,3,110000000,25000000
24,55164,RENT,8,PERSONAL,C,25000,13.22,1,0.45,Y,4,110328000,25000000
26,56000,RENT,4,DEBTCONSOLIDATION,C,25000,12.87,1,0.45,N,2,112000000,25000000
24,203500,OWN,8,MEDICAL,C,20000,13.04,0,0.1,N,3,407000000,20000000
23,190000,MORTGAGE,5,EDUCATION,F,22000,17.58,1,0.12,Y,3,380000000,22000000
23,13920,OWN,2,PERSONAL,E,7750,17.04,1,0.56,N,4,27840000,7750000
24,60000,RENT,0,PERSONAL,B,25000,10.99,1,0.42,N,3,120000000,25000000
24,60000,RENT,2,PERSONAL,B,25000,11.11,1,0.42,N,3,120000000,25000000
26,54000,RENT,7,DEBTCONSOLIDATION,D,25000,14.83,1,0.46,Y,2,108000000,25000000
24,200000,RENT,8,MEDICAL,B,12000,12.69,0,0.06,N,2,400000000,12000000
24,200000,MORTGAGE,8,HOMEIMPROVEMENT,C,12000,13.49,0,0.06,N,2,400000000,12000000
21,200000,MORTGAGE,5,EDUCATION,C,16000,14.65,0,0.08,N,4,400000000,16000000
25,54000,RENT,3,HOMEIMPROVEMENT,E,25000,16.82,1,0.46,N,4,108000000,25000000
23,60000,RENT,3,PERSONAL,C,25000,12.73,1,0.42,N,3,120000000,25000000
23,60000,RENT,7,PERSONAL,B,25000,10.25,1,0.42,N,4,120000000,25000000
21,60000,RENT,6,EDUCATION,B,25000,10.99,1,0.42,N,4,120000000,25000000
25,61959,RENT,9,MEDICAL,C,25000,12.73,1,0.4,N,2,123918000,25000000
22,56400,RENT,2,HOMEIMPROVEMENT,D,25000,14.96,1,0.44,Y,3,112800000,25000000
21,200000,MORTGAGE,2,DEBTCONSOLIDATION,C,25000,13.99,0,0.13,N,2,400000000,25000000
24,200000,MORTGAGE,3,VENTURE,A,24000,7.49,0,0.12,N,4,400000000,24000000
26,200000,MORTGAGE,4,EDUCATION,C,15000,14.79,0,0.07,N,3,400000000,15000000
25,200000,MORTGAGE,2,DEBTCONSOLIDATION,B,15500,11.99,0,0.08,N,2,400000000,15500000
24,200000,RENT,8,EDUCATION,A,10000,8.49,0,0.05,N,4,400000000,10000000
24,66000,RENT,3,EDUCATION,B,25000,9.91,1,0.38,N,2,132000000,25000000
22,66000,RENT,6,EDUCATION,C,25000,13.06,1,0.38,Y,3,132000000,25000000
22,200000,MORTGAGE,6,DEBTCONSOLIDATION,A,9000,6.17,0,0.04,N,4,400000000,9000000
19,250000,MORTGAGE,4,EDUCATION,B,6000,11.86,0,0.03,N,2,400000000,6000000
25,200000,RENT,5,EDUCATION,D,18000,16.32,0,0.09,N,3,400000000,18000000
25,200000,MORTGAGE,2,VENTURE,B,12000,10.38,0,0.06,N,2,400000000,12000000
25,200000,MORTGAGE,9,PERSONAL,C,23050,14.35,0,0.12,N,3,400000000,23050000
26,66996,RENT,10,PERSONAL,D,25000,15.21,1,0.37,Y,2,133992000,25000000
23,67000,RENT,3,EDUCATION,A,25000,7.9,1,0.37,N,4,134000000,25000000
24,67000,RENT,2,VENTURE,B,25000,10.99,1,0.37,N,3,134000000,25000000
24,68000,RENT,5,PERSONAL,D,25000,14.09,1,0.37,Y,3,136000000,25000000
25,69000,RENT,9,PERSONAL,D,25000,17.49,1,0.36,N,2,138000000,25000000
25,200000,MORTGAGE,0,EDUCATION,B,12000,11.48,0,0.06,N,3,400000000,12000000
26,188000,MORTGAGE,10,VENTURE,E,20000,17.74,1,0.11,N,2,376000000,20000000
26,200000,MORTGAGE,4,PERSONAL,C,3000,13.92,0,0.01,N,3,400000000,3000000
25,69996,RENT,9,EDUCATION,D,25000,15.21,1,0.36,N,3,139992000,25000000
22,14400,OWN,2,MEDICAL,B,4000,10.99,1,0.28,N,3,28800000,4000000
24,70000,RENT,3,EDUCATION,B,25000,11.86,1,0.36,N,4,140000000,25000000
24,14400,OWN,5,PERSONAL,A,6000,7.49,1,0.42,N,3,28800000,6000000
24,56100,RENT,7,MEDICAL,D,25000,16.49,1,0.38,N,4,112200000,25000000
25,66000,RENT,9,VENTURE,D,25000,15.33,1,0.38,Y,2,132000000,25000000
26,66000,RENT,3,HOMEIMPROVEMENT,B,25000,11.58,1,0.38,N,4,132000000,25000000
25,14400,OWN,7,EDUCATION,A,5375,5.79,1,0.37,N,2,28800000,5375000
25,72612,RENT,9,MEDICAL,C,25000,13.11,1,0.34,N,2,145224000,25000000
23,74000,RENT,3,MEDICAL,B,25000,10.36,1,0.34,N,3,148000000,25000000
25,75000,RENT,9,DEBTCONSOLIDATION,B,25000,10.36,1,0.33,N,2,150000000,25000000
21,192000,MORTGAGE,1,VENTURE,A,20000,6.54,0,0.1,N,4,384000000,20000000
25,191000,MORTGAGE,1,MEDICAL,B,10000,12.53,0,0.05,N,4,382000000,10000000
24,75000,RENT,4,EDUCATION,B,25000,10.25,1,0.33,N,4,150000000,25000000
22,71000,RENT,1,EDUCATION,D,25000,15.95,1,0.35,Y,4,142000000,25000000
26,190000,MORTGAGE,3,VENTURE,B,20000,12.18,0,0.11,N,4,380000000,20000000
23,189996,OWN,0,PERSONAL,B,24000,11.83,0,0.13,N,3,379992000,24000000
23,78000,RENT,1,VENTURE,B,25000,10.62,1,0.32,N,3,156000000,25000000
23,78504,RENT,7,VENTURE,B,25000,10.74,1,0.32,N,3,157008000,25000000
25,186000,OWN,9,VENTURE,B,10000,10.25,0,0.05,N,4,372000000,10000000
25,185000,RENT,6,VENTURE,C,15000,15.27,0,0.08,N,2,370000000,15000000
24,62050,RENT,8,MEDICAL,D,25000,15.33,1,0.34,Y,2,124100000,25000000
23,79416,RENT,7,VENTURE,D,25000,15.21,1,0.31,Y,2,158832000,25000000
21,14400,OWN,4,VENTURE,C,6250,14.72,1,0.43,N,2,28800000,6250000
24,79631,RENT,8,PERSONAL,D,25000,15.7,1,0.31,Y,2,159262000,25000000
24,79632,RENT,0,EDUCATION,C,25000,13.35,1,0.31,N,4,159264000,25000000
24,80000,RENT,6,EDUCATION,A,25000,6.62,1,0.31,N,2,160000000,25000000
26,80000,RENT,5,DEBTCONSOLIDATION,C,25000,13.61,1,0.31,N,4,160000000,25000000
22,185000,RENT,4,MEDICAL,B,25000,11.36,0,0.14,N,2,370000000,25000000
26,185000,OWN,10,PERSONAL,A,5000,7.68,0,0.03,N,2,370000000,5000000
24,184992,RENT,7,HOMEIMPROVEMENT,D,22000,14.46,0,0.12,Y,4,369984000,22000000
23,184000,OWN,5,EDUCATION,B,2500,11.83,0,0.01,N,2,368000000,2500000
24,172000,MORTGAGE,6,DEBTCONSOLIDATION,C,20000,13.47,1,0.12,Y,4,344000000,20000000
24,183000,MORTGAGE,2,MEDICAL,B,20000,11.49,0,0.11,N,3,366000000,20000000
25,182952,MORTGAGE,9,PERSONAL,A,15000,6.03,0,0.08,N,3,365904000,15000000
23,74004,RENT,7,DEBTCONSOLIDATION,E,25000,16.35,1,0.34,N,4,148008000,25000000
25,81000,RENT,5,DEBTCONSOLIDATION,A,25000,7.29,1,0.31,N,3,162000000,25000000
23,81600,RENT,1,MEDICAL,B,25000,11.36,1,0.31,N,3,163200000,25000000
24,82000,RENT,8,VENTURE,B,25000,10.25,0,0.3,N,2,164000000,25000000
24,83000,RENT,5,EDUCATION,B,25000,11.12,0,0.3,N,3,166000000,25000000
24,83000,RENT,5,PERSONAL,D,25000,12.92,0,0.3,Y,3,166000000,25000000
24,180000,RENT,8,EDUCATION,E,18000,18.64,0,0.1,Y,4,360000000,18000000
23,180000,MORTGAGE,8,PERSONAL,A,28000,7.51,0,0.16,N,3,360000000,28000000
23,14400,OWN,2,HOMEIMPROVEMENT,E,4000,16.7,1,0.28,N,2,28800000,4000000
22,14400,OWN,0,PERSONAL,B,2100,11.14,0,0.15,N,4,28800000,2100000
22,84500,RENT,6,PERSONAL,F,25000,18.3,0,0.3,N,4,169000000,25000000
24,85000,RENT,5,MEDICAL,B,25000,10.62,0,0.29,N,4,170000000,25000000
24,180000,MORTGAGE,7,VENTURE,B,14000,11.99,0,0.08,N,2,360000000,14000000
26,180000,MORTGAGE,2,VENTURE,B,12000,9.63,0,0.07,N,4,360000000,12000000
25,142800,MORTGAGE,9,MEDICAL,F,10000,18.25,1,0.06,N,4,285600000,10000000
24,87000,RENT,8,HOMEIMPROVEMENT,D,25000,14.84,0,0.29,N,3,174000000,25000000
24,75000,RENT,0,VENTURE,E,25000,14.7,1,0.33,Y,3,150000000,25000000
23,76000,RENT,7,DEBTCONSOLIDATION,D,25000,16.02,1,0.33,N,4,152000000,25000000
23,66215,RENT,1,MEDICAL,D,25000,15.37,1,0.32,Y,2,132430000,25000000
25,90000,RENT,9,MEDICAL,B,25000,10.99,0,0.28,N,4,180000000,25000000
21,15000,OWN,0,HOMEIMPROVEMENT,A,6200,7.9,1,0.41,N,2,30000000,6200000
26,180000,OWN,2,PERSONAL,B,25000,10.99,0,0.14,N,4,360000000,25000000
24,180000,OWN,8,EDUCATION,B,21000,11.48,0,0.12,N,3,360000000,21000000
25,180000,OWN,9,MEDICAL,C,20000,14.26,0,0.11,Y,4,360000000,20000000
26,180000,OWN,0,HOMEIMPROVEMENT,A,10000,8,0,0.06,N,4,360000000,10000000
25,180000,MORTGAGE,3,VENTURE,B,9950,11.26,0,0.06,N,2,360000000,9950000
23,78000,RENT,2,VENTURE,D,25000,16.32,1,0.32,Y,3,156000000,25000000
25,66300,RENT,3,MEDICAL,E,25000,17.93,1,0.32,Y,4,132600000,25000000
23,90000,RENT,0,DEBTCONSOLIDATION,B,25000,11.36,0,0.28,N,3,180000000,25000000
24,79000,RENT,9,DEBTCONSOLIDATION,D,25000,14.96,1,0.32,Y,4,158000000,25000000
24,91800,RENT,4,PERSONAL,C,25000,13.43,0,0.27,Y,3,183600000,25000000
25,92000,RENT,6,HOMEIMPROVEMENT,B,25000,12.69,0,0.27,N,3,184000000,25000000
24,92000,RENT,1,VENTURE,C,25000,12.73,0,0.27,Y,4,184000000,25000000
23,93600,RENT,3,VENTURE,D,25000,15.21,0,0.27,N,4,187200000,25000000
23,15000,MORTGAGE,1,MEDICAL,C,1750,12.68,0,0.12,Y,3,30000000,1750000
23,70550,RENT,3,MEDICAL,F,25000,19.04,1,0.3,Y,4,141100000,25000000
25,83800,RENT,2,DEBTCONSOLIDATION,D,25000,15.95,1,0.3,Y,3,167600000,25000000
26,175000,MORTGAGE,3,VENTURE,A,2600,8.9,0,0.01,N,4,350000000,2600000
25,175000,MORTGAGE,10,HOMEIMPROVEMENT,A,8000,7.9,0,0.05,N,2,350000000,8000000
23,175000,MORTGAGE,8,PERSONAL,B,21000,11.99,0,0.12,N,3,350000000,21000000
23,15000,OWN,4,DEBTCONSOLIDATION,C,4000,13.98,1,0.27,N,4,30000000,4000000
23,15000,OWN,4,VENTURE,B,4600,10.99,1,0.31,N,2,30000000,4600000
22,88000,RENT,6,DEBTCONSOLIDATION,D,25000,15.58,1,0.28,Y,2,176000000,25000000
25,74800,RENT,2,MEDICAL,B,25000,10.99,1,0.28,N,2,149600000,25000000
25,88000,RENT,0,VENTURE,D,25000,14.96,1,0.28,N,4,176000000,25000000
25,15000,OWN,2,HOMEIMPROVEMENT,D,1750,15.31,0,0.12,Y,4,30000000,1750000
26,88000,RENT,2,VENTURE,D,25000,15.65,1,0.28,N,3,176000000,25000000
25,100000,RENT,1,VENTURE,B,25000,9.33,0,0.25,N,4,200000000,25000000
23,15000,MORTGAGE,0,PERSONAL,C,3600,13.47,1,0.24,N,4,30000000,3600000
24,102400,RENT,8,PERSONAL,B,25000,10.36,0,0.24,N,3,204800000,25000000
24,92000,RENT,1,HOMEIMPROVEMENT,E,25000,16.77,1,0.27,Y,4,184000000,25000000
23,93000,RENT,0,DEBTCONSOLIDATION,D,25000,14.59,1,0.27,Y,2,186000000,25000000
22,175000,RENT,6,VENTURE,C,3500,11.91,0,0.02,Y,2,350000000,3500000
23,175000,MORTGAGE,3,EDUCATION,A,7200,8.38,0,0.04,N,3,350000000,7200000
25,174708,RENT,9,VENTURE,B,9000,10.59,0,0.05,N,3,349416000,9000000
25,174000,MORTGAGE,2,DEBTCONSOLIDATION,C,8800,14.27,0,0.05,N,3,348000000,8800000
26,174000,RENT,8,DEBTCONSOLIDATION,B,12000,12.53,0,0.07,N,4,348000000,12000000
25,162000,MORTGAGE,5,DEBTCONSOLIDATION,E,25000,16,1,0.15,Y,3,324000000,25000000
26,173467,MORTGAGE,10,VENTURE,B,10000,11.71,0,0.06,N,4,346934000,10000000
21,15000,OWN,0,HOMEIMPROVEMENT,C,3175,11.54,1,0.21,Y,3,30000000,3175000
25,96000,RENT,2,HOMEIMPROVEMENT,E,25000,15.68,1,0.26,Y,4,192000000,25000000
21,15120,MORTGAGE,0,EDUCATION,B,1500,10.59,0,0.1,N,2,30240000,1500000
24,97908,RENT,8,HOMEIMPROVEMENT,D,25000,12.61,1,0.26,Y,2,195816000,25000000
23,15204,MORTGAGE,7,PERSONAL,A,2800,8.49,1,0.18,N,3,30408000,2800000
25,159600,RENT,0,PERSONAL,D,30000,17.27,1,0.19,Y,4,319200000,30000000
24,171500,RENT,6,DEBTCONSOLIDATION,A,18000,8.9,0,0.1,N,4,343000000,18000000
25,170004,MORTGAGE,3,MEDICAL,B,10000,11.11,0,0.06,N,4,340008000,10000000
24,158004,RENT,0,HOMEIMPROVEMENT,D,25000,14.59,1,0.16,Y,2,316008000,25000000
26,170000,RENT,0,VENTURE,B,13000,12.42,0,0.08,N,3,340000000,13000000
24,110000,RENT,7,HOMEIMPROVEMENT,D,25000,15.7,0,0.23,Y,2,220000000,25000000
22,15360,OWN,7,HOMEIMPROVEMENT,B,2500,12.53,1,0.16,N,3,30720000,2500000
25,134300,RENT,3,MEDICAL,D,5000,16.49,1,0.03,N,2,268600000,5000000
25,170000,MORTGAGE,2,EDUCATION,A,20000,7.49,0,0.12,N,2,340000000,20000000
22,100580,RENT,6,DEBTCONSOLIDATION,D,25000,14.96,1,0.25,Y,2,201160000,25000000
25,113000,RENT,7,MEDICAL,C,25000,12.73,0,0.22,Y,4,226000000,25000000
24,120000,RENT,8,EDUCATION,B,25000,10.65,0,0.21,N,4,240000000,25000000
25,120000,RENT,6,MEDICAL,B,25000,10.74,0,0.21,N,2,240000000,25000000
23,120000,RENT,7,EDUCATION,B,25000,9.99,0,0.21,N,2,240000000,25000000
24,91800,RENT,5,MEDICAL,D,25000,15.33,1,0.23,Y,2,183600000,25000000
21,15600,OWN,5,VENTURE,A,1000,7.29,0,0.06,N,4,31200000,1000000
26,108000,RENT,2,PERSONAL,D,25000,15.05,1,0.23,N,3,216000000,25000000
26,129996,RENT,6,PERSONAL,B,25000,10.75,0,0.19,N,3,259992000,25000000
23,130000,RENT,4,EDUCATION,D,25000,16.02,0,0.19,Y,2,260000000,25000000
23,130000,RENT,7,VENTURE,B,25000,11.49,0,0.19,N,4,260000000,25000000
25,170000,OWN,4,EDUCATION,B,20000,12.53,0,0.12,N,4,340000000,20000000
26,170000,MORTGAGE,0,VENTURE,C,12000,13.57,0,0.07,Y,2,340000000,12000000
22,169000,RENT,1,PERSONAL,B,14000,11.14,0,0.08,N,3,338000000,14000000
26,168750,RENT,10,MEDICAL,C,24250,12.87,0,0.14,Y,3,337500000,24250000
23,168600,RENT,3,EDUCATION,B,20000,11.58,0,0.12,N,3,337200000,20000000
24,168288,RENT,5,HOMEIMPROVEMENT,B,1800,11.12,0,0.01,N,3,336576000,1800000
25,168000,MORTGAGE,2,PERSONAL,B,35000,10.65,0,0.21,N,2,336000000,35000000
24,133300,RENT,6,DEBTCONSOLIDATION,B,25000,10.37,0,0.19,N,2,266600000,25000000
24,15600,OWN,5,HOMEIMPROVEMENT,A,3300,6.39,1,0.21,N,4,31200000,3300000
24,134000,RENT,8,PERSONAL,D,25000,16.07,0,0.19,Y,3,268000000,25000000
25,134000,RENT,7,MEDICAL,B,25000,10.62,0,0.19,N,2,268000000,25000000
25,15600,OWN,0,VENTURE,F,3200,18.09,1,0.21,N,2,31200000,3200000
25,135000,RENT,5,EDUCATION,B,25000,11.36,0,0.19,N,4,270000000,25000000
26,135660,RENT,10,DEBTCONSOLIDATION,B,25000,12.53,0,0.18,N,4,271320000,25000000
25,145000,RENT,0,EDUCATION,B,25000,9.99,0,0.17,N,4,290000000,25000000
23,150000,RENT,4,EDUCATION,B,25000,10.36,0,0.17,N,3,300000000,25000000
23,165000,MORTGAGE,3,EDUCATION,A,9600,5.99,0,0.06,N,3,330000000,9600000
22,153000,MORTGAGE,5,DEBTCONSOLIDATION,D,24000,15.62,1,0.16,Y,2,306000000,24000000
24,165000,MORTGAGE,5,PERSONAL,B,20000,10.37,0,0.12,N,4,330000000,20000000
25,165000,MORTGAGE,0,HOMEIMPROVEMENT,F,25000,19.74,0,0.15,N,4,330000000,25000000
21,165000,MORTGAGE,5,EDUCATION,A,20000,6.91,0,0.12,N,4,330000000,20000000
23,16000,OWN,7,MEDICAL,A,6000,7.9,1,0.38,N,2,32000000,6000000
23,16000,MORTGAGE,3,DEBTCONSOLIDATION,C,2275,13.06,0,0.14,Y,4,32000000,2275000
23,16000,OWN,7,PERSONAL,A,2000,6.39,0,0.13,N,3,32000000,2000000
23,148000,RENT,1,DEBTCONSOLIDATION,E,25000,14.93,1,0.17,N,3,296000000,25000000
23,16000,MORTGAGE,1,MEDICAL,C,5600,12.84,1,0.35,N,4,32000000,5600000
24,16020,OWN,3,VENTURE,E,3625,17.14,1,0.23,Y,2,32040000,3625000
22,16094,MORTGAGE,2,VENTURE,A,5500,7.14,1,0.34,N,3,32188000,5500000
25,175000,RENT,2,PERSONAL,A,25000,8.9,0,0.14,N,2,350000000,25000000
22,16200,OWN,6,PERSONAL,B,2000,12.42,0,0.12,N,3,32400000,2000000
24,185000,RENT,7,HOMEIMPROVEMENT,C,25000,12.68,0,0.14,Y,2,370000000,25000000
25,162000,RENT,9,PERSONAL,C,25000,11.03,0,0.15,N,2,324000000,25000000
26,161000,RENT,10,VENTURE,A,30000,7.9,0,0.19,N,4,322000000,30000000
22,160000,MORTGAGE,0,MEDICAL,B,35000,10.65,0,0.22,N,4,320000000,35000000
25,225000,RENT,5,VENTURE,B,25000,11.86,0,0.11,N,4,450000000,25000000
25,16400,OWN,1,PERSONAL,A,5000,8.94,1,0.3,N,4,32800000,5000000
23,16500,OWN,6,VENTURE,B,4375,9.63,1,0.27,N,4,33000000,4375000
25,49500,RENT,6,PERSONAL,C,24750,14.22,1,0.5,N,3,99000000,24750000
23,60000,RENT,4,DEBTCONSOLIDATION,B,24750,9.33,1,0.41,N,3,120000000,24750000
24,84200,RENT,8,MEDICAL,C,24500,13.85,0,0.29,N,4,168400000,24500000
22,16800,MORTGAGE,5,EDUCATION,B,2000,10.65,0,0.12,N,2,33600000,2000000
24,92000,RENT,8,MEDICAL,B,24500,11.46,0,0.27,N,4,184000000,24500000
23,160000,MORTGAGE,5,PERSONAL,A,35000,7.66,0,0.22,N,2,320000000,35000000
24,160000,MORTGAGE,9,VENTURE,E,12000,16.77,0,0.07,N,4,320000000,12000000
25,160000,MORTGAGE,1,PERSONAL,B,12000,9.63,0,0.07,N,4,320000000,12000000
26,160000,RENT,6,PERSONAL,C,25000,12.23,0,0.16,Y,4,320000000,25000000
25,125800,MORTGAGE,0,MEDICAL,D,10000,14.09,1,0.07,N,4,251600000,10000000
25,54000,RENT,2,PERSONAL,C,24250,13.98,1,0.45,N,4,108000000,24250000
23,62500,RENT,1,EDUCATION,B,24250,10.62,1,0.39,N,4,125000000,24250000
25,68400,RENT,9,PERSONAL,E,24250,17.56,1,0.35,N,4,136800000,24250000
26,56045,RENT,1,MEDICAL,D,24250,14.96,1,0.37,N,2,112090000,24250000
22,74000,RENT,7,DEBTCONSOLIDATION,D,24250,15.65,1,0.33,Y,2,148000000,24250000
24,65453,RENT,9,MEDICAL,D,24250,15.7,1,0.31,N,2,130906000,24250000
24,89908,RENT,1,VENTURE,B,24250,12.53,0,0.27,N,3,179816000,24250000
26,78000,RENT,0,HOMEIMPROVEMENT,E,24250,17.56,1,0.31,Y,3,156000000,24250000
23,100000,RENT,0,PERSONAL,C,24250,12.87,0,0.24,Y,2,200000000,24250000
23,103000,RENT,6,PERSONAL,D,24250,15.7,0,0.24,N,2,206000000,24250000
25,160000,OWN,5,VENTURE,B,15000,11.14,0,0.09,N,4,320000000,15000000
24,160000,MORTGAGE,3,VENTURE,D,20000,16,0,0.13,N,3,320000000,20000000
23,160000,MORTGAGE,2,EDUCATION,D,25000,15.65,0,0.16,Y,2,320000000,25000000
21,160000,MORTGAGE,3,VENTURE,D,15250,15.31,0,0.1,Y,4,320000000,15250000
25,160000,MORTGAGE,3,VENTURE,C,20000,13.47,0,0.13,Y,2,320000000,20000000
22,16800,MORTGAGE,0,HOMEIMPROVEMENT,C,4750,13.85,1,0.28,Y,2,33600000,4750000
21,16800,MORTGAGE,0,VENTURE,B,6000,10.39,1,0.36,N,4,33600000,6000000
25,115200,RENT,0,HOMEIMPROVEMENT,B,24250,11.36,0,0.21,N,2,230400000,24250000
23,144000,RENT,0,EDUCATION,B,24250,11.83,0,0.17,N,3,288000000,24250000
23,287000,RENT,3,EDUCATION,B,24250,12.53,0,0.08,N,3,574000000,24250000
22,108000,RENT,1,HOMEIMPROVEMENT,D,24150,14.96,1,0.22,Y,3,216000000,24150000
22,43000,RENT,7,DEBTCONSOLIDATION,C,24000,13.85,1,0.56,Y,3,86000000,24000000
23,47004,RENT,1,VENTURE,B,24000,11.58,1,0.51,N,4,94008000,24000000
24,48000,RENT,4,VENTURE,D,24000,16.29,1,0.5,Y,2,96000000,24000000
21,44964,RENT,2,EDUCATION,D,24000,16.29,1,0.53,Y,2,89928000,24000000
24,47000,RENT,3,PERSONAL,F,24000,17.8,1,0.51,N,2,94000000,24000000
22,17400,MORTGAGE,6,VENTURE,B,1000,11.36,0,0.06,N,2,34800000,1000000
22,49000,RENT,2,MEDICAL,E,24000,17.56,1,0.49,N,4,98000000,24000000
26,60000,RENT,0,PERSONAL,A,24000,7.9,1,0.4,N,4,120000000,24000000
25,60000,RENT,3,PERSONAL,B,24000,10.99,1,0.4,N,4,120000000,24000000
22,60000,RENT,0,PERSONAL,A,24000,7.29,1,0.4,N,3,120000000,24000000
21,60000,RENT,5,MEDICAL,B,24000,10.75,1,0.4,N,2,120000000,24000000
26,62004,RENT,9,DEBTCONSOLIDATION,A,24000,7.9,1,0.39,N,3,124008000,24000000
22,62400,RENT,3,EDUCATION,D,24000,14.84,1,0.38,N,2,124800000,24000000
23,59000,RENT,5,DEBTCONSOLIDATION,E,24000,19.69,1,0.41,Y,2,118000000,24000000
24,60000,RENT,0,VENTURE,D,24000,14.96,1,0.4,N,4,120000000,24000000
25,66143,RENT,9,EDUCATION,A,24000,6.99,1,0.36,N,3,132286000,24000000
22,62250,RENT,3,PERSONAL,E,24000,16.45,1,0.39,Y,4,124500000,24000000
24,70000,RENT,8,EDUCATION,B,24000,10.99,1,0.34,N,4,140000000,24000000
23,74000,RENT,7,DEBTCONSOLIDATION,B,24000,10.99,1,0.32,N,2,148000000,24000000
22,18000,OWN,3,PERSONAL,A,3000,7.9,1,0.17,N,4,36000000,3000000
22,75000,RENT,6,EDUCATION,B,24000,12.69,1,0.32,N,4,150000000,24000000
24,75000,RENT,9,MEDICAL,B,24000,10.37,1,0.32,N,3,150000000,24000000
26,69000,RENT,0,DEBTCONSOLIDATION,F,24000,15.83,1,0.35,N,3,138000000,24000000
23,78000,RENT,4,PERSONAL,C,24000,13.92,1,0.31,N,3,156000000,24000000
24,80000,RENT,2,MEDICAL,B,24000,10.25,0,0.3,N,2,160000000,24000000
22,18000,OWN,1,HOMEIMPROVEMENT,A,3500,7.49,1,0.19,N,4,36000000,3500000
23,18000,OWN,3,EDUCATION,A,4000,5.99,1,0.22,N,2,36000000,4000000
23,74700,RENT,6,PERSONAL,D,24000,12.92,1,0.32,N,2,149400000,24000000
26,88596,RENT,3,PERSONAL,B,24000,11.58,0,0.27,N,3,177192000,24000000
25,95000,RENT,4,EDUCATION,A,24000,8.9,0,0.25,N,2,190000000,24000000
22,83000,RENT,6,DEBTCONSOLIDATION,E,24000,19.69,1,0.29,N,3,166000000,24000000
25,95000,RENT,9,VENTURE,A,24000,6.54,0,0.25,N,4,190000000,24000000
21,18000,OWN,3,HOMEIMPROVEMENT,D,4900,14.54,1,0.27,Y,4,36000000,4900000
26,100000,RENT,5,PERSONAL,C,24000,12.73,0,0.24,N,4,200000000,24000000
24,110000,RENT,7,VENTURE,D,24000,15.62,0,0.22,N,4,220000000,24000000
24,18000,OWN,0,HOMEIMPROVEMENT,A,6250,6.54,1,0.35,N,4,36000000,6250000
26,103872,RENT,6,DEBTCONSOLIDATION,G,24000,20.03,1,0.23,N,4,207744000,24000000
22,120000,RENT,4,EDUCATION,B,24000,9.91,0,0.2,N,4,240000000,24000000
24,120000,RENT,1,VENTURE,B,24000,12.69,0,0.2,N,4,240000000,24000000
26,108000,RENT,9,EDUCATION,G,24000,20.16,1,0.22,N,3,216000000,24000000
24,124080,RENT,4,PERSONAL,D,24000,16.49,0,0.19,Y,4,248160000,24000000
23,18000,MORTGAGE,1,MEDICAL,D,2500,15.95,1,0.14,N,2,36000000,2500000
24,130000,RENT,7,DEBTCONSOLIDATION,B,24000,11.49,0,0.18,N,3,260000000,24000000
25,135000,RENT,8,PERSONAL,B,24000,10.99,0,0.18,N,2,270000000,24000000
24,135000,RENT,4,HOMEIMPROVEMENT,C,24000,13.79,0,0.18,N,2,270000000,24000000
23,114750,RENT,2,MEDICAL,G,24000,20.03,1,0.18,Y,3,229500000,24000000
23,150000,RENT,0,EDUCATION,A,24000,7.49,0,0.16,N,4,300000000,24000000
23,138000,RENT,7,DEBTCONSOLIDATION,D,24000,16,1,0.17,Y,2,276000000,24000000
24,18000,OWN,6,PERSONAL,A,13000,7.88,1,0.72,N,3,36000000,13000000
21,18000,OWN,0,VENTURE,B,6250,10.62,1,0.35,N,4,36000000,6250000
26,155000,RENT,7,DEBTCONSOLIDATION,B,24000,10.99,0,0.15,N,4,310000000,24000000
26,148000,RENT,1,EDUCATION,F,24000,18.3,1,0.16,N,2,296000000,24000000
21,18000,OWN,1,PERSONAL,B,2500,11.36,0,0.14,N,3,36000000,2500000
23,120000,RENT,4,MEDICAL,C,23750,13.47,0,0.2,N,2,240000000,23750000
24,54996,RENT,2,PERSONAL,B,23600,11.89,1,0.43,N,3,109992000,23600000
24,18000,MORTGAGE,0,DEBTCONSOLIDATION,B,10000,12.18,1,0.56,N,2,36000000,10000000
25,102000,RENT,9,DEBTCONSOLIDATION,C,23600,13.49,0,0.23,N,4,204000000,23600000
23,75000,RENT,3,PERSONAL,E,23575,14.5,1,0.31,N,4,150000000,23575000
22,18000,OWN,1,MEDICAL,D,5400,15.31,1,0.3,Y,2,36000000,5400000
22,66960,RENT,1,VENTURE,A,23400,7.49,1,0.35,N,2,133920000,23400000
23,60000,RENT,2,VENTURE,B,23000,12.18,1,0.38,N,4,120000000,23000000
24,18000,MORTGAGE,3,VENTURE,C,1200,11.34,0,0.07,Y,4,36000000,1200000
25,63208,RENT,9,EDUCATION,B,23000,9.91,1,0.36,N,3,126416000,23000000
24,65000,RENT,0,HOMEIMPROVEMENT,B,23000,11.99,1,0.35,N,4,130000000,23000000
23,68000,RENT,7,EDUCATION,B,23000,9.62,1,0.34,N,2,136000000,23000000
22,18000,OWN,1,DEBTCONSOLIDATION,B,3000,9.96,1,0.17,N,3,36000000,3000000
24,88000,RENT,1,VENTURE,D,23000,14.54,1,0.26,N,2,176000000,23000000
22,58600,RENT,5,MEDICAL,B,22750,11.36,1,0.39,N,4,117200000,22750000
23,70000,RENT,7,DEBTCONSOLIDATION,C,22500,14.27,1,0.32,N,2,140000000,22500000
24,18287,OWN,3,HOMEIMPROVEMENT,B,3000,11.99,1,0.16,N,3,36574000,3000000
26,69846,RENT,2,EDUCATION,F,22500,18.99,1,0.32,Y,2,139692000,22500000
24,73000,RENT,0,VENTURE,E,22400,16.7,1,0.31,Y,4,146000000,22400000
24,18500,MORTGAGE,8,PERSONAL,A,5000,9.32,1,0.27,N,3,37000000,5000000
23,35000,RENT,2,DEBTCONSOLIDATION,B,22250,12.69,1,0.64,N,3,70000000,22250000
25,43000,RENT,9,HOMEIMPROVEMENT,C,22000,13.11,1,0.51,N,2,86000000,22000000
25,52000,RENT,4,PERSONAL,B,22000,10.74,1,0.42,N,2,104000000,22000000
21,18701,MORTGAGE,0,PERSONAL,D,4200,14.11,1,0.22,Y,4,37402000,4200000
22,57000,RENT,6,EDUCATION,B,22000,9.63,1,0.39,N,3,114000000,22000000
25,58000,RENT,0,MEDICAL,C,22000,14.65,1,0.38,N,2,116000000,22000000
23,60000,RENT,6,DEBTCONSOLIDATION,B,22000,10.25,1,0.37,N,4,120000000,22000000
24,60000,RENT,3,VENTURE,C,22000,14.26,1,0.37,Y,2,120000000,22000000
25,18840,MORTGAGE,5,EDUCATION,B,3000,9.91,1,0.16,N,2,37680000,3000000
26,56000,RENT,7,MEDICAL,E,22000,17.19,1,0.39,N,3,112000000,22000000
22,70000,RENT,3,EDUCATION,B,22000,11.36,1,0.31,N,4,140000000,22000000
23,74064,RENT,3,DEBTCONSOLIDATION,B,22000,10.59,0,0.3,N,3,148128000,22000000
24,76597,RENT,5,EDUCATION,B,22000,9.25,0,0.29,N,2,153194000,22000000
22,19000,OWN,6,MEDICAL,A,3625,8.49,1,0.19,N,3,38000000,3625000
26,77000,RENT,0,VENTURE,A,22000,6.54,0,0.29,N,3,154000000,22000000
21,19000,OWN,5,MEDICAL,A,6000,8.49,1,0.32,N,3,38000000,6000000
26,82600,RENT,10,VENTURE,B,22000,12.69,0,0.27,N,2,165200000,22000000
24,19000,OWN,3,MEDICAL,C,7400,13.85,1,0.39,N,2,38000000,7400000
25,19000,OWN,3,DEBTCONSOLIDATION,A,4000,7.4,1,0.21,N,3,38000000,4000000
23,84000,RENT,3,DEBTCONSOLIDATION,B,22000,11.71,0,0.26,N,4,168000000,22000000
25,77650,RENT,8,PERSONAL,B,22000,11.48,1,0.28,N,3,155300000,22000000
25,82000,RENT,1,EDUCATION,E,22000,17.51,1,0.27,N,2,164000000,22000000
21,19012,MORTGAGE,0,DEBTCONSOLIDATION,D,3500,14.61,1,0.18,N,3,38024000,3500000
23,99996,RENT,3,DEBTCONSOLIDATION,A,22000,7.88,0,0.22,N,4,199992000,22000000
22,19200,MORTGAGE,6,PERSONAL,B,4950,11.71,1,0.26,N,2,38400000,4950000
25,57000,RENT,4,PERSONAL,B,21700,11.99,1,0.38,N,2,114000000,21700000
24,54000,RENT,5,VENTURE,C,21600,13.49,1,0.4,N,2,108000000,21600000
23,56000,RENT,8,MEDICAL,G,21600,21.21,1,0.39,Y,4,112000000,21600000
26,63000,RENT,2,DEBTCONSOLIDATION,C,21600,14.35,1,0.34,Y,3,126000000,21600000
22,82000,RENT,3,PERSONAL,C,21600,13.61,0,0.26,Y,3,164000000,21600000
22,78000,RENT,6,DEBTCONSOLIDATION,B,21600,11.26,1,0.28,N,3,156000000,21600000
22,19200,OWN,0,VENTURE,B,2400,10.59,0,0.13,N,3,38400000,2400000
24,112140,RENT,8,MEDICAL,A,21600,7.9,0,0.19,N,2,224280000,21600000
25,19200,OWN,4,EDUCATION,B,3000,11.99,1,0.16,N,4,38400000,3000000
24,59000,RENT,5,MEDICAL,D,21500,16.89,1,0.36,N,3,118000000,21500000
24,70000,RENT,5,HOMEIMPROVEMENT,B,21500,9.99,1,0.31,N,3,140000000,21500000
24,116000,RENT,5,EDUCATION,D,21500,15.33,0,0.19,Y,3,232000000,21500000
25,60000,RENT,5,EDUCATION,A,21450,7.29,1,0.36,N,4,120000000,21450000
22,31000,RENT,5,DEBTCONSOLIDATION,B,21250,12.42,1,0.69,N,3,62000000,21250000
25,47052,RENT,5,VENTURE,B,21250,10.99,1,0.45,N,2,94104000,21250000
25,51060,RENT,9,VENTURE,A,21250,6.91,1,0.42,N,2,102120000,21250000
22,19200,MORTGAGE,6,DEBTCONSOLIDATION,C,5000,14.17,1,0.26,Y,2,38400000,5000000
22,53000,RENT,3,MEDICAL,B,21250,10.25,1,0.4,N,3,106000000,21250000
24,56000,RENT,8,VENTURE,D,21250,15.95,1,0.38,Y,3,112000000,21250000
24,65000,RENT,4,EDUCATION,D,21250,15.95,1,0.33,Y,4,130000000,21250000
21,35000,RENT,3,VENTURE,B,21000,12.53,1,0.6,N,4,70000000,21000000
22,19200,MORTGAGE,6,HOMEIMPROVEMENT,D,1400,14.91,1,0.07,Y,4,38400000,1400000
26,40000,RENT,3,MEDICAL,A,21000,6.54,1,0.53,N,4,80000000,21000000
26,42000,RENT,0,MEDICAL,F,21000,17.26,1,0.5,Y,4,84000000,21000000
23,63000,RENT,2,MEDICAL,B,21000,11.36,1,0.33,N,2,126000000,21000000
26,19200,MORTGAGE,5,VENTURE,A,4000,7.51,1,0.21,N,4,38400000,4000000
22,59000,RENT,2,PERSONAL,B,21000,10.71,1,0.36,N,3,118000000,21000000
22,70500,RENT,3,PERSONAL,C,21000,13.98,0,0.3,Y,4,141000000,21000000
26,65219,RENT,11,DEBTCONSOLIDATION,D,21000,14.09,1,0.32,N,3,130438000,21000000
22,75000,RENT,2,EDUCATION,B,21000,10,0,0.28,N,3,150000000,21000000
22,19200,MORTGAGE,3,MEDICAL,D,5000,15.33,1,0.26,N,3,38400000,5000000
25,62047,RENT,9,MEDICAL,E,21000,16.32,1,0.29,Y,4,124094000,21000000
24,79000,RENT,8,HOMEIMPROVEMENT,A,21000,7.9,0,0.27,N,2,158000000,21000000
23,80000,RENT,3,MEDICAL,B,21000,11.99,0,0.26,N,3,160000000,21000000
24,84000,RENT,8,MEDICAL,B,21000,10.75,0,0.25,N,4,168000000,21000000
26,85000,RENT,3,HOMEIMPROVEMENT,C,21000,13.92,0,0.25,N,3,170000000,21000000
22,93000,RENT,1,EDUCATION,B,21000,9.91,0,0.23,N,3,186000000,21000000
26,81000,RENT,10,EDUCATION,E,21000,16.95,1,0.26,Y,3,162000000,21000000
26,97000,RENT,1,EDUCATION,A,21000,7.9,0,0.22,N,3,194000000,21000000
25,100000,RENT,2,PERSONAL,D,21000,16.49,1,0.21,Y,3,200000000,21000000
26,19200,OTHER,0,PERSONAL,C,7500,11.97,1,0.39,Y,2,38400000,7500000
26,125000,RENT,5,HOMEIMPROVEMENT,A,21000,8.9,0,0.17,N,2,250000000,21000000
25,125000,RENT,9,EDUCATION,C,21000,12.99,0,0.17,Y,3,250000000,21000000
23,82000,RENT,2,PERSONAL,B,20900,12.69,0,0.25,N,2,164000000,20900000
21,19500,MORTGAGE,0,EDUCATION,B,15000,9.64,1,0.77,N,2,39000000,15000000
26,50000,RENT,7,VENTURE,A,20500,7.49,1,0.41,N,3,100000000,20500000
23,70000,RENT,2,EDUCATION,C,20500,13.16,0,0.29,Y,3,140000000,20500000
22,19800,OWN,1,EDUCATION,A,2100,8.38,0,0.11,N,4,39600000,2100000
23,80004,RENT,2,EDUCATION,B,20400,10.25,0,0.25,N,3,160008000,20400000
23,54000,RENT,7,PERSONAL,A,20375,7.49,1,0.38,N,2,108000000,20375000
26,26000,RENT,10,EDUCATION,B,20050,9.76,1,0.77,N,2,52000000,20050000
24,33000,RENT,1,DEBTCONSOLIDATION,B,20000,10.99,1,0.61,N,3,66000000,20000000
23,20000,OWN,0,PERSONAL,B,5000,11.71,0,0.25,N,4,40000000,5000000
22,20000,OWN,6,PERSONAL,B,9250,10.65,0,0.46,N,4,40000000,9250000
24,35364,RENT,1,MEDICAL,B,20000,12.53,1,0.57,N,4,70728000,20000000
25,38000,RENT,4,MEDICAL,D,20000,14.59,1,0.53,N,4,76000000,20000000
23,32000,RENT,3,DEBTCONSOLIDATION,D,20000,12.61,1,0.63,N,4,64000000,20000000
25,38004,RENT,6,MEDICAL,C,20000,13.11,1,0.53,N,2,76008000,20000000
23,20000,MORTGAGE,2,MEDICAL,B,6400,10.65,0,0.32,N,4,40000000,6400000
25,38556,RENT,9,PERSONAL,C,20000,11.22,1,0.52,Y,4,77112000,20000000
23,32900,RENT,1,EDUCATION,D,20000,16,1,0.61,N,2,65800000,20000000
25,34000,RENT,10,HOMEIMPROVEMENT,B,20000,8.88,1,0.59,N,4,68000000,20000000
24,40000,RENT,4,PERSONAL,B,20000,12.53,1,0.5,N,3,80000000,20000000
26,20000,MORTGAGE,5,MEDICAL,A,4800,5.99,0,0.24,N,3,40000000,4800000
25,42000,RENT,2,EDUCATION,C,20000,13.47,1,0.48,N,4,84000000,20000000
22,42224,RENT,7,VENTURE,A,20000,6.99,1,0.47,N,4,84448000,20000000
25,20000,OWN,0,PERSONAL,D,5650,15.99,0,0.28,Y,2,40000000,5650000
22,37212,RENT,6,DEBTCONSOLIDATION,E,20000,16.69,1,0.54,N,3,74424000,20000000
25,38000,RENT,9,MEDICAL,B,20000,11.11,1,0.53,N,4,76000000,20000000
22,45000,RENT,0,EDUCATION,A,20000,7.9,1,0.44,N,4,90000000,20000000
23,45000,RENT,4,PERSONAL,B,20000,10.25,1,0.44,N,2,90000000,20000000
23,20000,OWN,7,MEDICAL,A,1200,7.49,0,0.06,N,3,40000000,1200000
22,45000,RENT,1,DEBTCONSOLIDATION,C,20000,13.92,1,0.44,Y,3,90000000,20000000
24,39000,RENT,5,MEDICAL,D,20000,14.74,1,0.51,N,2,78000000,20000000
24,46500,RENT,5,EDUCATION,B,20000,10.62,1,0.43,N,2,93000000,20000000
22,48000,RENT,7,VENTURE,B,20000,10.65,1,0.42,N,3,96000000,20000000
22,42000,RENT,1,PERSONAL,D,20000,12.99,1,0.48,N,3,84000000,20000000
22,48500,RENT,1,VENTURE,B,20000,11.36,1,0.41,N,4,97000000,20000000
22,20000,OWN,3,EDUCATION,A,7500,5.79,0,0.38,N,4,40000000,7500000
23,49400,RENT,0,EDUCATION,A,20000,6.54,1,0.4,N,4,98800000,20000000
25,20000,MORTGAGE,1,VENTURE,A,4000,5.79,0,0.2,N,2,40000000,4000000
25,50000,RENT,10,DEBTCONSOLIDATION,A,20000,7.49,1,0.4,N,3,100000000,20000000
25,50000,RENT,9,EDUCATION,C,20000,13.43,1,0.4,N,2,100000000,20000000
22,50000,RENT,6,DEBTCONSOLIDATION,C,20000,13.22,1,0.4,N,2,100000000,20000000
22,20000,OWN,1,VENTURE,C,5000,14.72,0,0.25,N,3,40000000,5000000
22,44000,RENT,2,EDUCATION,E,20000,15.68,1,0.45,N,4,88000000,20000000
25,50950,RENT,5,HOMEIMPROVEMENT,B,20000,11.48,1,0.39,N,3,101900000,20000000
24,51000,RENT,8,VENTURE,B,20000,10.38,1,0.39,N,3,102000000,20000000
22,51000,RENT,5,EDUCATION,B,20000,12.53,1,0.39,N,3,102000000,20000000
22,51000,RENT,0,EDUCATION,C,20000,13.47,1,0.39,N,2,102000000,20000000
24,51500,RENT,6,VENTURE,B,20000,12.21,1,0.39,N,4,103000000,20000000
25,51996,RENT,9,VENTURE,B,20000,10.99,1,0.38,N,3,103992000,20000000
25,52000,RENT,1,EDUCATION,B,20000,11.36,1,0.38,N,4,104000000,20000000
22,46000,RENT,2,DEBTCONSOLIDATION,D,20000,16,1,0.43,Y,4,92000000,20000000
26,20000,MORTGAGE,1,PERSONAL,A,1500,7.74,0,0.07,N,3,40000000,1500000
24,52000,RENT,8,EDUCATION,D,20000,15.65,1,0.38,Y,2,104000000,20000000
25,46000,RENT,9,DEBTCONSOLIDATION,C,20000,11.78,1,0.43,Y,2,92000000,20000000
22,47000,RENT,5,MEDICAL,D,20000,16.77,1,0.43,N,3,94000000,20000000
22,54000,RENT,2,EDUCATION,B,20000,9.91,1,0.37,N,4,108000000,20000000
23,48000,RENT,7,MEDICAL,D,20000,15.65,1,0.42,N,4,96000000,20000000
23,48000,RENT,0,MEDICAL,D,20000,14.96,1,0.42,N,3,96000000,20000000
23,54000,RENT,1,VENTURE,B,20000,11.83,1,0.37,N,4,108000000,20000000
24,48912,RENT,0,MEDICAL,C,20000,11.66,1,0.41,N,4,97824000,20000000
26,54996,RENT,8,EDUCATION,B,20000,12.18,1,0.36,N,4,109992000,20000000
24,55000,RENT,8,HOMEIMPROVEMENT,A,20000,6.91,1,0.36,N,2,110000000,20000000
25,55000,RENT,3,DEBTCONSOLIDATION,A,20000,6.91,1,0.36,N,3,110000000,20000000
26,49000,RENT,0,HOMEIMPROVEMENT,F,20000,19.79,1,0.41,N,3,98000000,20000000
25,55000,RENT,0,VENTURE,B,20000,9.88,1,0.36,N,4,110000000,20000000
22,20000,MORTGAGE,0,PERSONAL,B,16600,9.76,0,0.83,N,3,40000000,16600000
23,55000,RENT,5,DEBTCONSOLIDATION,B,20000,12.53,1,0.36,N,2,110000000,20000000
23,20004,MORTGAGE,6,PERSONAL,A,7125,6.99,0,0.36,N,2,40008000,7125000
23,57000,RENT,3,EDUCATION,D,20000,16.89,1,0.35,N,2,114000000,20000000
22,51012,RENT,1,PERSONAL,D,20000,17.49,1,0.39,Y,4,102024000,20000000
23,20004,MORTGAGE,2,EDUCATION,E,2500,16.82,0,0.12,Y,2,40008000,2500000
22,58000,RENT,0,DEBTCONSOLIDATION,C,20000,13.11,1,0.34,N,2,116000000,20000000
23,58800,RENT,7,DEBTCONSOLIDATION,A,20000,7.66,1,0.34,N,3,117600000,20000000
26,59000,RENT,10,MEDICAL,A,20000,6.17,1,0.34,N,3,118000000,20000000
26,53000,RENT,1,PERSONAL,E,20000,16.35,1,0.38,Y,4,106000000,20000000
23,60000,RENT,7,MEDICAL,A,20000,7.9,1,0.33,N,2,120000000,20000000
24,54000,RENT,2,VENTURE,D,20000,16.49,1,0.37,N,2,108000000,20000000
26,20280,MORTGAGE,5,HOMEIMPROVEMENT,A,7000,8,0,0.35,N,2,40560000,7000000
24,60000,RENT,0,PERSONAL,B,20000,10.99,1,0.33,N,2,120000000,20000000
24,20352,OWN,3,VENTURE,A,7750,6.91,0,0.38,N,3,40704000,7750000
25,54000,RENT,6,PERSONAL,B,20000,8.88,1,0.37,N,3,108000000,20000000
23,54000,RENT,6,DEBTCONSOLIDATION,D,20000,14.84,1,0.37,Y,3,108000000,20000000
23,54000,RENT,2,PERSONAL,B,20000,11.12,1,0.37,N,2,108000000,20000000
22,60000,RENT,4,EDUCATION,A,20000,7.88,1,0.33,N,3,120000000,20000000
22,20400,MORTGAGE,6,EDUCATION,D,6000,15.99,0,0.29,Y,4,40800000,6000000
24,20400,MORTGAGE,5,DEBTCONSOLIDATION,B,5500,10.99,0,0.27,N,4,40800000,5500000
25,54000,RENT,1,PERSONAL,D,20000,15.65,1,0.37,Y,3,108000000,20000000
24,54000,RENT,1,PERSONAL,E,20000,17.04,1,0.37,Y,3,108000000,20000000
23,60000,RENT,3,EDUCATION,B,20000,12.21,1,0.33,N,2,120000000,20000000
21,20400,OWN,2,EDUCATION,C,1275,15.23,0,0.06,Y,3,40800000,1275000
25,54000,RENT,1,DEBTCONSOLIDATION,D,20000,14.11,1,0.37,N,4,108000000,20000000
24,60000,RENT,0,PERSONAL,B,20000,11.14,1,0.33,N,2,120000000,20000000
21,20400,OWN,5,MEDICAL,B,2400,11.49,0,0.12,N,4,40800000,2400000
24,60000,RENT,8,PERSONAL,D,20000,13.87,1,0.33,N,4,120000000,20000000
26,60000,RENT,3,HOMEIMPROVEMENT,B,20000,10.08,1,0.33,N,4,120000000,20000000
23,54504,RENT,1,PERSONAL,E,20000,16.7,1,0.37,Y,4,109008000,20000000
24,55000,RENT,2,VENTURE,E,20000,18.64,1,0.36,N,2,110000000,20000000
24,61000,RENT,2,HOMEIMPROVEMENT,B,20000,12.18,1,0.33,N,4,122000000,20000000
25,62000,RENT,3,MEDICAL,A,20000,6.54,1,0.32,N,3,124000000,20000000
24,56000,RENT,3,EDUCATION,D,20000,14.61,1,0.36,Y,4,112000000,20000000
21,56000,RENT,4,VENTURE,E,20000,17.39,1,0.36,Y,3,112000000,20000000
24,62400,RENT,8,HOMEIMPROVEMENT,B,20000,11.12,1,0.32,N,2,124800000,20000000
25,62400,RENT,7,VENTURE,B,20000,11.48,1,0.32,N,2,124800000,20000000
25,63000,RENT,3,MEDICAL,B,20000,12.42,1,0.32,N,3,126000000,20000000
26,58000,RENT,0,DEBTCONSOLIDATION,B,20000,10.25,1,0.34,N,2,116000000,20000000
23,65000,RENT,0,MEDICAL,B,20000,10.65,1,0.31,N,3,130000000,20000000
24,20800,OWN,0,PERSONAL,D,5000,16.29,0,0.24,Y,3,41600000,5000000
23,65000,RENT,0,MEDICAL,B,20000,10.37,1,0.31,N,2,130000000,20000000
23,65000,RENT,7,VENTURE,B,20000,11.49,1,0.31,N,3,130000000,20000000
25,20868,OWN,0,VENTURE,C,5375,13.49,0,0.26,Y,2,41736000,5375000
23,59000,RENT,7,EDUCATION,C,20000,12.29,1,0.34,N,4,118000000,20000000
21,21000,MORTGAGE,5,DEBTCONSOLIDATION,D,3500,17.27,1,0.17,Y,2,42000000,3500000
26,65004,RENT,7,DEBTCONSOLIDATION,B,20000,11.99,1,0.31,N,2,130008000,20000000
25,59004,RENT,1,PERSONAL,D,20000,14.84,1,0.34,Y,2,118008000,20000000
23,59004,RENT,5,DEBTCONSOLIDATION,B,20000,10.83,1,0.34,N,2,118008000,20000000
23,65500,RENT,2,DEBTCONSOLIDATION,C,20000,13.22,1,0.31,N,2,131000000,20000000
22,66996,RENT,3,EDUCATION,B,20000,12.18,0,0.3,N,2,133992000,20000000
23,67000,RENT,0,MEDICAL,B,20000,11.11,0,0.3,N,2,134000000,20000000
24,67000,RENT,5,HOMEIMPROVEMENT,C,20000,13.48,0,0.3,Y,2,134000000,20000000
26,68000,RENT,10,EDUCATION,B,20000,10.75,0,0.29,N,4,136000000,20000000
25,68000,RENT,4,PERSONAL,C,20000,12.53,0,0.29,Y,4,136000000,20000000
24,62400,RENT,4,DEBTCONSOLIDATION,D,20000,14.84,1,0.32,N,4,124800000,20000000
23,69500,RENT,3,VENTURE,E,20000,17.74,0,0.29,Y,2,139000000,20000000
25,70000,RENT,5,HOMEIMPROVEMENT,B,20000,9.99,0,0.29,N,2,140000000,20000000
22,70000,RENT,2,PERSONAL,A,20000,6.91,0,0.29,N,4,140000000,20000000
25,71004,RENT,9,PERSONAL,D,20000,14.09,0,0.28,N,2,142008000,20000000
22,21000,MORTGAGE,4,DEBTCONSOLIDATION,B,3000,11.49,0,0.14,N,3,42000000,3000000
23,71004,RENT,8,EDUCATION,D,20000,14.09,0,0.28,N,3,142008000,20000000
23,55392,RENT,3,MEDICAL,D,20000,15.2,1,0.31,Y,4,110784000,20000000
24,72000,RENT,5,MEDICAL,B,20000,11.83,0,0.28,N,2,144000000,20000000
24,21000,OTHER,4,PERSONAL,B,6000,12.21,0,0.29,N,2,42000000,6000000
23,66000,RENT,1,VENTURE,D,20000,14.11,1,0.3,N,3,132000000,20000000
22,66000,RENT,3,DEBTCONSOLIDATION,D,20000,14.42,1,0.3,N,2,132000000,20000000
24,72000,RENT,4,HOMEIMPROVEMENT,D,20000,14.74,0,0.28,Y,3,144000000,20000000
24,74000,RENT,0,HOMEIMPROVEMENT,B,20000,12.69,0,0.27,N,3,148000000,20000000
22,21120,MORTGAGE,3,DEBTCONSOLIDATION,D,1625,16.89,1,0.08,Y,3,42240000,1625000
25,21221,MORTGAGE,4,VENTURE,B,8500,9.63,0,0.4,N,4,42442000,8500000
24,75000,RENT,4,HOMEIMPROVEMENT,B,20000,8.88,0,0.27,N,3,150000000,20000000
26,75000,RENT,5,MEDICAL,A,20000,6.91,0,0.27,N,4,150000000,20000000
25,75000,RENT,0,PERSONAL,B,20000,10.38,0,0.27,N,3,150000000,20000000
22,69000,RENT,6,DEBTCONSOLIDATION,B,20000,10.99,1,0.29,N,4,138000000,20000000
26,21600,OWN,5,EDUCATION,B,5200,12.42,0,0.24,N,3,43200000,5200000
24,69000,RENT,0,HOMEIMPROVEMENT,E,20000,14.82,1,0.29,N,4,138000000,20000000
23,75600,RENT,3,PERSONAL,E,20000,16.32,0,0.26,Y,3,151200000,20000000
23,59497,RENT,0,MEDICAL,E,20000,16,1,0.29,N,3,118994000,20000000
23,76000,RENT,7,MEDICAL,B,20000,10.37,0,0.26,N,3,152000000,20000000
26,70000,RENT,7,DEBTCONSOLIDATION,C,20000,13.16,1,0.29,N,3,140000000,20000000
24,70000,RENT,8,VENTURE,E,20000,14.88,1,0.29,N,4,140000000,20000000
22,77004,RENT,6,DEBTCONSOLIDATION,C,20000,13.98,0,0.26,N,4,154008000,20000000
26,71004,RENT,0,HOMEIMPROVEMENT,D,20000,13.36,1,0.28,Y,2,142008000,20000000
24,21600,MORTGAGE,8,MEDICAL,A,8000,5.42,0,0.37,N,2,43200000,8000000
26,78000,RENT,8,HOMEIMPROVEMENT,C,20000,13.85,0,0.26,Y,4,156000000,20000000
23,61200,RENT,4,MEDICAL,B,20000,11.14,1,0.28,N,2,122400000,20000000
21,21600,MORTGAGE,2,DEBTCONSOLIDATION,A,3800,5.99,0,0.18,N,2,43200000,3800000
23,78000,RENT,3,VENTURE,B,20000,11.58,0,0.26,N,3,156000000,20000000
23,78500,RENT,7,MEDICAL,C,20000,13.85,0,0.25,Y,4,157000000,20000000
23,79000,RENT,5,EDUCATION,D,20000,16.89,0,0.25,Y,4,158000000,20000000
23,80000,RENT,4,MEDICAL,A,20000,7.9,0,0.25,N,4,160000000,20000000
23,21600,OWN,2,VENTURE,C,6000,12.68,0,0.28,N,4,43200000,6000000
22,62900,RENT,6,MEDICAL,D,20000,14.91,1,0.27,N,4,125800000,20000000
24,80000,RENT,3,VENTURE,C,20000,13.06,0,0.25,N,4,160000000,20000000
25,80000,RENT,7,EDUCATION,B,20000,8.88,0,0.25,N,4,160000000,20000000
23,21600,MORTGAGE,7,EDUCATION,A,2000,6.17,0,0.09,N,4,43200000,2000000
22,80000,RENT,3,EDUCATION,C,20000,13.98,0,0.25,Y,4,160000000,20000000
22,21600,OWN,3,VENTURE,A,8500,6.54,0,0.39,N,4,43200000,8500000
26,62900,RENT,2,MEDICAL,C,20000,13.85,1,0.27,N,3,125800000,20000000
26,21600,MORTGAGE,0,HOMEIMPROVEMENT,B,1000,10.36,0,0.05,N,3,43200000,1000000
25,74004,RENT,2,PERSONAL,E,20000,15.95,1,0.27,Y,4,148008000,20000000
25,80004,RENT,9,HOMEIMPROVEMENT,C,20000,14.26,0,0.25,Y,4,160008000,20000000
23,80700,RENT,7,MEDICAL,B,20000,11.71,0,0.25,N,2,161400000,20000000
22,81000,RENT,3,DEBTCONSOLIDATION,C,20000,13.49,0,0.25,N,4,162000000,20000000
24,21600,MORTGAGE,0,DEBTCONSOLIDATION,D,2000,14.84,1,0.09,N,2,43200000,2000000
23,76042,RENT,6,HOMEIMPROVEMENT,D,20000,15.05,1,0.26,Y,4,152084000,20000000
22,76654,RENT,2,EDUCATION,C,20000,13.79,1,0.26,Y,4,153308000,20000000
24,83500,RENT,1,EDUCATION,C,20000,13.48,0,0.24,N,3,167000000,20000000
23,84000,RENT,7,PERSONAL,B,20000,11.11,0,0.24,N,4,168000000,20000000
25,84000,RENT,9,EDUCATION,C,20000,13.92,0,0.24,N,2,168000000,20000000
23,21600,OWN,0,EDUCATION,B,4400,12.53,0,0.2,N,2,43200000,4400000
21,21600,MORTGAGE,2,DEBTCONSOLIDATION,B,10000,11.14,0,0.46,N,2,43200000,10000000
24,78996,RENT,2,HOMEIMPROVEMENT,D,20000,14.11,1,0.25,N,2,157992000,20000000
23,85000,RENT,0,MEDICAL,A,20000,7.49,0,0.24,N,2,170000000,20000000
25,85000,RENT,3,DEBTCONSOLIDATION,B,20000,10.25,0,0.24,N,3,170000000,20000000
26,73000,RENT,3,PERSONAL,B,20000,12.53,1,0.27,N,2,146000000,20000000
21,21816,MORTGAGE,2,PERSONAL,B,1500,11.86,0,0.07,N,3,43632000,1500000
23,21840,OWN,1,VENTURE,A,9000,7.88,0,0.41,N,3,43680000,9000000
22,87000,RENT,5,DEBTCONSOLIDATION,C,20000,13.85,0,0.23,N,4,174000000,20000000
23,21996,OWN,4,PERSONAL,C,6000,13.23,0,0.27,N,4,43992000,6000000
23,78000,RENT,0,HOMEIMPROVEMENT,F,20000,18.25,1,0.26,Y,2,156000000,20000000
24,90000,RENT,9,DEBTCONSOLIDATION,A,20000,6.54,0,0.22,N,3,180000000,20000000
23,90000,RENT,2,MEDICAL,B,20000,11.49,0,0.22,N,4,180000000,20000000
26,90000,RENT,10,MEDICAL,B,20000,11.49,0,0.22,N,3,180000000,20000000
22,22000,MORTGAGE,6,EDUCATION,B,7000,11.71,0,0.32,N,2,44000000,7000000
23,90000,RENT,0,DEBTCONSOLIDATION,C,20000,13.57,0,0.22,N,4,180000000,20000000
25,91229,RENT,2,EDUCATION,C,20000,14.35,0,0.22,N,3,182458000,20000000
26,22000,MORTGAGE,3,DEBTCONSOLIDATION,B,3825,10.65,0,0.17,N,4,44000000,3825000
22,92000,RENT,6,VENTURE,F,20000,15.65,0,0.22,Y,2,184000000,20000000
25,22000,MORTGAGE,9,EDUCATION,A,5875,6.62,1,0.27,N,2,44000000,5875000
25,92407,RENT,9,MEDICAL,B,20000,9.25,0,0.22,N,2,184814000,20000000
22,22000,MORTGAGE,0,MEDICAL,B,2400,11.71,0,0.11,N,3,44000000,2400000
24,22000,MORTGAGE,8,PERSONAL,A,8000,5.42,0,0.36,N,4,44000000,8000000
26,93492,RENT,0,DEBTCONSOLIDATION,B,20000,9.45,0,0.21,N,4,186984000,20000000
23,22000,MORTGAGE,5,DEBTCONSOLIDATION,A,1550,7.49,1,0.07,N,2,44000000,1550000
23,95000,RENT,2,EDUCATION,B,20000,10.99,0,0.21,N,2,190000000,20000000
21,22000,OWN,5,VENTURE,A,7350,7.66,0,0.33,N,2,44000000,7350000
23,96000,RENT,1,MEDICAL,C,20000,13.04,0,0.21,N,3,192000000,20000000
22,22000,MORTGAGE,6,PERSONAL,A,7200,7.14,0,0.33,N,2,44000000,7200000
22,85200,RENT,6,VENTURE,D,20000,15.65,1,0.23,Y,4,170400000,20000000
22,98000,RENT,2,EDUCATION,B,20000,11.83,0,0.2,N,4,196000000,20000000
24,22000,OWN,1,DEBTCONSOLIDATION,D,3000,16,0,0.14,Y,2,44000000,3000000
23,99000,RENT,7,EDUCATION,D,20000,15.28,0,0.2,N,4,198000000,20000000
21,22000,OWN,2,DEBTCONSOLIDATION,D,4000,15.05,0,0.18,N,4,44000000,4000000
22,22000,OWN,1,DEBTCONSOLIDATION,D,8500,15.05,0,0.39,N,4,44000000,8500000
24,99996,RENT,0,HOMEIMPROVEMENT,C,20000,14.22,0,0.2,Y,3,199992000,20000000
25,87996,RENT,0,HOMEIMPROVEMENT,E,20000,16.35,1,0.23,N,3,175992000,20000000
26,22000,OWN,6,VENTURE,B,7500,10.96,0,0.34,N,2,44000000,7500000
25,100000,RENT,9,HOMEIMPROVEMENT,C,20000,13.06,0,0.2,N,2,200000000,20000000
25,100000,RENT,9,HOMEIMPROVEMENT,C,20000,13.06,0,0.2,Y,2,200000000,20000000
22,74800,RENT,3,MEDICAL,D,20000,14.96,1,0.23,Y,4,149600000,20000000
23,74800,RENT,1,MEDICAL,E,20000,17.04,1,0.23,Y,2,149600000,20000000
22,100000,RENT,0,PERSONAL,B,20000,12.21,0,0.2,N,3,200000000,20000000
25,22260,MORTGAGE,9,PERSONAL,A,6400,7.88,0,0.29,N,4,44520000,6400000
26,104000,RENT,0,DEBTCONSOLIDATION,B,20000,10.74,0,0.19,N,2,208000000,20000000
23,93000,RENT,6,PERSONAL,C,20000,13.22,1,0.22,N,3,186000000,20000000
23,95000,RENT,0,DEBTCONSOLIDATION,D,20000,14.59,1,0.21,Y,2,190000000,20000000
23,110000,RENT,3,EDUCATION,B,20000,12.42,0,0.18,N,3,220000000,20000000
22,110000,RENT,7,EDUCATION,C,20000,14.17,0,0.18,N,3,220000000,20000000
22,110000,RENT,6,DEBTCONSOLIDATION,C,20000,13.72,0,0.18,N,3,220000000,20000000
24,110000,RENT,1,PERSONAL,B,20000,10.38,0,0.18,N,4,220000000,20000000
22,22800,MORTGAGE,5,PERSONAL,A,2000,7.51,0,0.09,N,3,45600000,2000000
22,22800,MORTGAGE,0,HOMEIMPROVEMENT,B,7125,11.71,1,0.31,N,3,45600000,7125000
23,22800,MORTGAGE,2,PERSONAL,A,3000,8.9,1,0.13,N,2,45600000,3000000
25,85000,RENT,7,MEDICAL,E,20000,17.39,1,0.2,N,2,170000000,20000000
23,22800,MORTGAGE,3,PERSONAL,A,4800,5.79,0,0.21,N,2,45600000,4800000
23,120000,RENT,4,MEDICAL,B,20000,10.37,0,0.17,N,4,240000000,20000000
24,22800,OWN,3,HOMEIMPROVEMENT,B,4750,11.36,0,0.21,N,3,45600000,4750000
24,121000,RENT,8,VENTURE,A,20000,8.9,0,0.17,N,3,242000000,20000000
23,125000,RENT,7,VENTURE,B,20000,11.11,0,0.16,N,4,250000000,20000000
22,22800,MORTGAGE,0,EDUCATION,A,3000,8.94,0,0.13,N,2,45600000,3000000
25,130000,RENT,0,PERSONAL,C,20000,15.27,0,0.15,N,2,260000000,20000000
26,130000,RENT,10,DEBTCONSOLIDATION,C,20000,13.11,0,0.15,Y,4,260000000,20000000
23,22884,MORTGAGE,4,EDUCATION,E,6000,16,0,0.26,N,2,45768000,6000000
24,133000,RENT,3,EDUCATION,D,20000,12.36,0,0.15,Y,2,266000000,20000000
22,23000,MORTGAGE,5,DEBTCONSOLIDATION,A,10625,7.51,0,0.46,N,4,46000000,10625000
21,23000,MORTGAGE,2,MEDICAL,A,7000,8.9,0,0.3,N,3,46000000,7000000
25,140000,RENT,9,EDUCATION,A,20000,6.54,0,0.14,N,4,280000000,20000000
24,138000,RENT,2,VENTURE,D,20000,15.99,1,0.14,Y,3,276000000,20000000
23,23000,MORTGAGE,7,HOMEIMPROVEMENT,D,3600,17.27,1,0.16,Y,3,46000000,3600000
26,148000,RENT,1,DEBTCONSOLIDATION,E,20000,17.99,1,0.14,N,3,296000000,20000000
22,160000,RENT,6,PERSONAL,A,20000,7.49,0,0.13,N,4,320000000,20000000
22,23000,MORTGAGE,2,DEBTCONSOLIDATION,B,4800,10,0,0.21,N,4,46000000,4800000
26,160000,RENT,3,HOMEIMPROVEMENT,B,20000,9.99,0,0.13,N,3,320000000,20000000
26,168000,RENT,1,VENTURE,B,20000,11.36,0,0.12,N,4,336000000,20000000
26,172500,RENT,3,HOMEIMPROVEMENT,B,20000,11.83,0,0.12,N,2,345000000,20000000
21,23000,MORTGAGE,6,DEBTCONSOLIDATION,C,3000,13.35,0,0.13,N,3,46000000,3000000
25,175000,RENT,3,DEBTCONSOLIDATION,C,20000,14.72,0,0.11,Y,2,350000000,20000000
25,58000,RENT,9,MEDICAL,B,19900,11.83,1,0.34,N,4,116000000,19900000
26,116000,RENT,10,MEDICAL,B,19800,11.48,0,0.17,N,4,232000000,19800000
26,19500,RENT,0,MEDICAL,C,500,11.41,0,0.03,N,2,39000000,500000
21,19000,RENT,0,EDUCATION,C,700,12.29,0,0.04,N,2,38000000,700000
22,23000,MORTGAGE,4,EDUCATION,D,7000,14.96,0,0.3,Y,3,46000000,7000000
25,19000,RENT,0,DEBTCONSOLIDATION,C,750,12.29,0,0.04,Y,4,38000000,750000
22,10000,RENT,0,HOMEIMPROVEMENT,D,1000,14.74,1,0.1,N,4,20000000,1000000
22,23000,MORTGAGE,1,EDUCATION,A,2400,9.63,0,0.1,N,4,46000000,2400000
21,23000,OTHER,0,EDUCATION,B,2400,12.21,0,0.1,N,4,46000000,2400000
22,11760,RENT,0,VENTURE,C,1000,13.98,0,0.09,N,4,23520000,1000000
25,12000,RENT,0,EDUCATION,B,1000,10.65,0,0.08,N,2,24000000,1000000
21,12000,RENT,1,EDUCATION,C,1000,13.98,0,0.08,N,2,24000000,1000000
22,12000,RENT,0,PERSONAL,C,1000,13.57,1,0.08,N,3,24000000,1000000
22,12240,RENT,1,PERSONAL,D,1000,14.96,1,0.08,Y,3,24480000,1000000
21,14400,RENT,1,VENTURE,D,1000,16.29,1,0.07,N,4,28800000,1000000
23,23040,OWN,0,VENTURE,B,2000,11.11,0,0.09,N,3,46080000,2000000
22,14400,RENT,2,VENTURE,E,1000,16.69,1,0.07,Y,3,28800000,1000000
21,23040,OWN,0,EDUCATION,A,15000,8.94,0,0.65,N,2,46080000,15000000
22,15000,RENT,0,MEDICAL,D,1000,14.3,1,0.07,Y,3,30000000,1000000
21,16000,RENT,2,VENTURE,D,1000,15.65,1,0.06,Y,3,32000000,1000000
22,16800,RENT,2,EDUCATION,C,1000,13.48,0,0.06,Y,4,33600000,1000000
24,19200,RENT,2,EDUCATION,B,1000,12.53,0,0.05,N,4,38400000,1000000
23,39600,RENT,5,EDUCATION,B,19000,10.62,1,0.48,N,2,79200000,19000000
22,39900,RENT,4,VENTURE,B,19000,12.18,1,0.48,N,3,79800000,19000000
25,47000,RENT,4,MEDICAL,B,19000,11.99,1,0.4,N,2,94000000,19000000
25,50000,RENT,2,HOMEIMPROVEMENT,B,19000,10.99,1,0.38,N,4,100000000,19000000
24,23500,MORTGAGE,2,DEBTCONSOLIDATION,B,7000,10.38,0,0.3,N,3,47000000,7000000
26,47500,RENT,10,PERSONAL,E,19000,16.7,1,0.4,Y,4,95000000,19000000
23,54586,RENT,5,PERSONAL,B,19000,11.14,1,0.35,N,2,109172000,19000000
26,62004,RENT,5,MEDICAL,A,19000,7.49,1,0.31,N,2,124008000,19000000
22,70000,RENT,1,MEDICAL,B,19000,8.88,0,0.27,N,4,140000000,19000000
23,72000,RENT,3,MEDICAL,B,19000,10.99,0,0.26,N,4,144000000,19000000
24,73000,RENT,8,HOMEIMPROVEMENT,B,19000,10.62,0,0.26,N,3,146000000,19000000
23,78000,RENT,2,VENTURE,A,19000,8.9,0,0.24,N,2,156000000,19000000
25,23920,MORTGAGE,0,MEDICAL,D,6000,14.59,1,0.25,Y,2,47840000,6000000
26,96000,RENT,6,PERSONAL,C,19000,13.22,0,0.2,Y,2,192000000,19000000
24,105000,RENT,2,HOMEIMPROVEMENT,C,19000,12.29,0,0.18,Y,2,210000000,19000000
24,175000,RENT,1,PERSONAL,B,19000,11.48,0,0.11,N,3,350000000,19000000
26,55000,RENT,7,DEBTCONSOLIDATION,A,18800,6.99,1,0.34,N,2,110000000,18800000
22,70000,RENT,2,DEBTCONSOLIDATION,B,18750,10.38,0,0.27,N,2,140000000,18750000
22,36500,RENT,0,VENTURE,A,18725,6.54,1,0.51,N,3,73000000,18725000
22,43000,RENT,4,DEBTCONSOLIDATION,B,18550,11.83,1,0.43,N,4,86000000,18550000
24,24000,OWN,0,VENTURE,B,7100,12.42,0,0.3,N,3,48000000,7100000
24,34300,RENT,4,MEDICAL,B,18500,10.71,1,0.54,N,2,68600000,18500000
21,36000,RENT,3,EDUCATION,C,18500,10.91,1,0.51,N,3,72000000,18500000
22,38000,RENT,2,MEDICAL,A,18500,7.66,1,0.49,N,4,76000000,18500000
25,55784,RENT,2,DEBTCONSOLIDATION,C,18500,13.61,1,0.33,N,3,111568000,18500000
23,74196,RENT,2,EDUCATION,B,18500,11.26,0,0.25,N,3,148392000,18500000
25,75000,RENT,0,EDUCATION,A,18500,7.49,0,0.25,N,3,150000000,18500000
24,73000,RENT,0,HOMEIMPROVEMENT,A,18500,7.9,1,0.25,N,2,146000000,18500000
22,24000,OWN,5,MEDICAL,B,8000,9.91,0,0.33,N,2,48000000,8000000
21,24000,MORTGAGE,0,VENTURE,A,3000,7.9,0,0.13,N,4,48000000,3000000
24,78000,RENT,1,VENTURE,F,18500,15.33,1,0.24,N,2,156000000,18500000
26,145000,RENT,3,EDUCATION,C,18500,12.87,0,0.13,Y,3,290000000,18500000
22,24000,MORTGAGE,5,EDUCATION,A,5000,7.9,0,0.21,N,2,48000000,5000000
22,48888,RENT,1,PERSONAL,C,18400,13.16,1,0.38,N,2,97776000,18400000
22,50000,RENT,2,DEBTCONSOLIDATION,B,18400,9.99,1,0.37,N,2,100000000,18400000
23,120000,RENT,7,PERSONAL,A,18400,8.9,0,0.15,N,2,240000000,18400000
22,24000,MORTGAGE,1,VENTURE,C,5000,14.65,1,0.21,N,4,48000000,5000000
25,24000,MORTGAGE,0,DEBTCONSOLIDATION,C,6000,13.49,0,0.25,Y,3,48000000,6000000
22,34000,RENT,0,VENTURE,B,18250,10.25,1,0.54,N,3,68000000,18250000
24,35004,RENT,3,PERSONAL,B,18250,11.49,1,0.52,N,4,70008000,18250000
25,34500,RENT,1,VENTURE,E,18250,17.04,1,0.53,N,3,69000000,18250000
23,42504,RENT,0,MEDICAL,B,18250,10.25,1,0.43,N,3,85008000,18250000
22,24000,MORTGAGE,4,VENTURE,A,1300,5.42,0,0.05,N,3,48000000,1300000
22,36996,RENT,2,PERSONAL,D,18250,14.61,1,0.49,Y,2,73992000,18250000
24,45600,RENT,2,VENTURE,C,18250,13.35,1,0.4,N,4,91200000,18250000
23,46000,RENT,6,PERSONAL,B,18250,10.75,1,0.4,N,2,92000000,18250000
25,46000,RENT,8,DEBTCONSOLIDATION,C,18250,14.26,1,0.4,N,3,92000000,18250000
25,55044,RENT,4,VENTURE,E,18250,17.56,1,0.33,N,2,110088000,18250000
22,50000,RENT,6,DEBTCONSOLIDATION,E,18250,16.7,1,0.36,Y,3,100000000,18250000
23,50000,RENT,4,VENTURE,B,18225,10.74,1,0.36,N,2,100000000,18225000
26,44000,RENT,0,HOMEIMPROVEMENT,D,18225,14.91,1,0.41,N,4,88000000,18225000
24,36000,RENT,4,VENTURE,B,18200,8.88,1,0.51,N,4,72000000,18200000
25,36400,RENT,2,PERSONAL,B,18200,9.91,1,0.5,N,4,72800000,18200000
22,36000,RENT,6,DEBTCONSOLIDATION,B,18200,11.71,1,0.51,N,3,72000000,18200000
24,55000,RENT,4,EDUCATION,B,18200,10.99,1,0.33,N,2,110000000,18200000
23,27000,RENT,2,VENTURE,C,18000,11.54,1,0.67,Y,4,54000000,18000000
23,24000,OWN,2,EDUCATION,D,8000,15.62,0,0.33,N,2,48000000,8000000
23,33000,RENT,4,VENTURE,B,18000,9.91,1,0.55,N,4,66000000,18000000
21,30720,RENT,5,EDUCATION,C,18000,13.48,1,0.59,Y,4,61440000,18000000
23,39996,RENT,2,EDUCATION,B,18000,9.25,1,0.45,N,4,79992000,18000000
25,40000,RENT,2,MEDICAL,C,18000,13.11,1,0.45,Y,3,80000000,18000000
22,24000,MORTGAGE,2,DEBTCONSOLIDATION,B,5000,10.99,0,0.21,N,4,48000000,5000000
25,42000,RENT,3,VENTURE,A,18000,6.17,1,0.43,N,2,84000000,18000000
24,24000,MORTGAGE,3,MEDICAL,A,8000,5.99,0,0.33,N,4,48000000,8000000
24,24000,OWN,1,EDUCATION,A,2400,7.49,0,0.1,N,2,48000000,2400000
24,42765,RENT,9,DEBTCONSOLIDATION,C,18000,11.03,1,0.42,Y,2,85530000,18000000
24,43000,RENT,9,MEDICAL,A,18000,7.9,1,0.42,N,2,86000000,18000000
22,44000,RENT,7,EDUCATION,C,18000,13.57,1,0.41,Y,4,88000000,18000000
24,44000,RENT,6,VENTURE,B,18000,12.18,1,0.41,N,2,88000000,18000000
25,39000,RENT,3,MEDICAL,E,18000,17.19,1,0.46,N,3,78000000,18000000
22,46800,RENT,6,MEDICAL,C,18000,15.23,1,0.38,Y,2,93600000,18000000
24,42000,RENT,8,HOMEIMPROVEMENT,D,18000,14.46,1,0.43,Y,3,84000000,18000000
24,24000,OWN,5,VENTURE,A,4200,6.99,0,0.17,N,3,48000000,4200000
24,43400,RENT,2,DEBTCONSOLIDATION,E,18000,16.63,1,0.41,Y,2,86800000,18000000
24,50000,RENT,1,MEDICAL,B,18000,12.42,1,0.36,N,4,100000000,18000000
24,50000,RENT,4,VENTURE,A,18000,7.9,1,0.36,N,4,100000000,18000000
23,24000,MORTGAGE,2,MEDICAL,D,5000,15.99,1,0.21,Y,2,48000000,5000000
26,50000,RENT,5,EDUCATION,C,18000,13.11,1,0.36,N,3,100000000,18000000
22,50000,RENT,6,VENTURE,C,18000,13.79,1,0.36,N,2,100000000,18000000
22,24000,OWN,3,EDUCATION,B,2500,10.59,0,0.1,N,2,48000000,2500000
22,24000,OWN,1,MEDICAL,C,6000,12.68,0,0.25,Y,4,48000000,6000000
25,52000,RENT,2,VENTURE,C,18000,12.98,1,0.35,N,4,104000000,18000000
22,52000,RENT,1,VENTURE,C,18000,13.85,1,0.35,Y,4,104000000,18000000
25,52526,RENT,9,VENTURE,B,18000,12.21,1,0.34,N,2,105052000,18000000
22,46610,RENT,6,DEBTCONSOLIDATION,B,18000,10.71,1,0.39,N,3,93220000,18000000
24,48000,RENT,5,PERSONAL,A,18000,6.54,1,0.38,N,2,96000000,18000000
23,24000,OWN,0,PERSONAL,A,8000,5.79,0,0.33,N,3,48000000,8000000
25,55000,RENT,2,EDUCATION,C,18000,12.84,1,0.33,N,2,110000000,18000000
25,55344,RENT,2,HOMEIMPROVEMENT,B,18000,10.99,1,0.33,N,4,110688000,18000000
23,24000,MORTGAGE,5,MEDICAL,B,1375,11.11,1,0.06,N,4,48000000,1375000
24,56000,RENT,2,EDUCATION,C,18000,13.48,1,0.32,N,3,112000000,18000000
21,50000,RENT,2,EDUCATION,D,18000,14.74,1,0.36,N,2,100000000,18000000
21,52240,RENT,5,MEDICAL,E,18000,19.69,1,0.34,N,2,104480000,18000000
26,53000,RENT,2,VENTURE,E,18000,17.19,1,0.34,Y,3,106000000,18000000
22,60000,RENT,3,EDUCATION,D,18000,16.32,0,0.3,N,4,120000000,18000000
22,60000,RENT,0,EDUCATION,B,18000,9.33,0,0.3,N,3,120000000,18000000
25,61500,RENT,1,EDUCATION,C,18000,13.23,0,0.29,Y,2,123000000,18000000
26,24000,MORTGAGE,10,MEDICAL,A,5000,7.66,1,0.21,N,3,48000000,5000000
22,62000,RENT,0,MEDICAL,C,18000,13.85,0,0.29,Y,4,124000000,18000000
23,24000,MORTGAGE,1,EDUCATION,B,5600,9.63,0,0.23,N,3,48000000,5600000
24,24000,OWN,2,VENTURE,A,10000,6.92,0,0.42,N,4,48000000,10000000
22,63000,RENT,0,VENTURE,B,18000,9.63,0,0.29,N,4,126000000,18000000
23,63000,RENT,1,EDUCATION,B,18000,10.99,0,0.29,N,3,126000000,18000000
23,63000,RENT,2,EDUCATION,C,18000,13.57,0,0.29,Y,3,126000000,18000000
25,65000,RENT,9,HOMEIMPROVEMENT,C,18000,13.99,0,0.28,N,3,130000000,18000000
24,59000,RENT,1,HOMEIMPROVEMENT,D,18000,14.96,1,0.31,Y,4,118000000,18000000
26,59000,RENT,2,VENTURE,E,18000,16,1,0.31,N,4,118000000,18000000
26,60000,RENT,2,HOMEIMPROVEMENT,D,18000,16.29,1,0.3,Y,2,120000000,18000000
25,66000,RENT,9,EDUCATION,B,18000,10.25,0,0.27,N,3,132000000,18000000
21,68000,RENT,4,EDUCATION,B,18000,10.65,0,0.26,N,2,136000000,18000000
24,70000,RENT,1,HOMEIMPROVEMENT,B,18000,9.88,0,0.26,N,2,140000000,18000000
25,54400,RENT,10,MEDICAL,E,18000,16,1,0.28,Y,2,108800000,18000000
25,70200,RENT,9,EDUCATION,E,18000,16.45,0,0.26,N,2,140400000,18000000
25,65000,RENT,3,PERSONAL,D,18000,15.33,1,0.28,N,4,130000000,18000000
26,71820,RENT,10,DEBTCONSOLIDATION,B,18000,11.83,0,0.25,N,2,143640000,18000000
24,66000,RENT,2,PERSONAL,D,18000,14.54,1,0.27,Y,4,132000000,18000000
24,72000,RENT,4,VENTURE,A,18000,7.88,0,0.25,N,2,144000000,18000000
24,24000,OWN,3,EDUCATION,C,3000,13.98,0,0.13,N,2,48000000,3000000
25,24000,MORTGAGE,0,VENTURE,D,1200,15.21,0,0.05,Y,4,48000000,1200000
23,75000,RENT,7,EDUCATION,C,18000,12.73,0,0.24,Y,4,150000000,18000000
25,24000,MORTGAGE,2,PERSONAL,D,3500,15.58,1,0.15,Y,2,48000000,3500000
23,75576,RENT,7,EDUCATION,B,18000,9.88,0,0.24,N,3,151152000,18000000
21,24000,OWN,2,MEDICAL,B,7000,11.86,0,0.29,N,2,48000000,7000000
26,78000,RENT,6,EDUCATION,C,18000,13.49,0,0.23,N,2,156000000,18000000
21,80000,RENT,6,VENTURE,A,18000,7.9,0,0.23,N,2,160000000,18000000
23,80000,RENT,5,VENTURE,A,18000,8.49,0,0.23,N,3,160000000,18000000
22,80000,RENT,1,EDUCATION,B,18000,10.99,0,0.23,N,4,160000000,18000000
26,80171,RENT,3,HOMEIMPROVEMENT,C,18000,13.85,0,0.22,N,3,160342000,18000000
23,81000,RENT,7,MEDICAL,C,18000,13.98,0,0.22,N,2,162000000,18000000
23,24000,MORTGAGE,1,DEBTCONSOLIDATION,D,2800,16.07,1,0.12,N,3,48000000,2800000
23,76500,RENT,3,DEBTCONSOLIDATION,B,18000,10.65,1,0.24,N,4,153000000,18000000
24,24000,MORTGAGE,4,EDUCATION,D,8500,15.7,0,0.35,N,2,48000000,8500000
26,24000,MORTGAGE,5,PERSONAL,C,2100,13.11,0,0.09,N,3,48000000,2100000
22,82570,RENT,6,VENTURE,C,18000,15.27,0,0.22,N,2,165140000,18000000
26,24000,MORTGAGE,1,HOMEIMPROVEMENT,B,6000,10.99,0,0.25,N,4,48000000,6000000
25,84000,RENT,5,HOMEIMPROVEMENT,B,18000,9.88,0,0.21,N,3,168000000,18000000
22,24000,MORTGAGE,6,MEDICAL,A,2500,7.14,0,0.1,N,2,48000000,2500000
25,85000,RENT,0,EDUCATION,B,18000,11.71,0,0.21,N,4,170000000,18000000
26,86000,RENT,10,VENTURE,A,18000,8.49,0,0.21,N,2,172000000,18000000
23,87000,RENT,2,EDUCATION,B,18000,11.89,0,0.21,N,2,174000000,18000000
23,88000,RENT,1,EDUCATION,C,18000,13.16,0,0.2,N,4,176000000,18000000
23,90000,RENT,4,PERSONAL,B,18000,8.88,0,0.2,N,4,180000000,18000000
24,95000,RENT,3,DEBTCONSOLIDATION,A,18000,8.49,0,0.19,N,4,190000000,18000000
26,95000,RENT,9,HOMEIMPROVEMENT,D,18000,15.31,0,0.19,N,3,190000000,18000000
24,102000,RENT,8,EDUCATION,C,18000,12.53,0,0.18,Y,3,204000000,18000000
24,110000,RENT,4,DEBTCONSOLIDATION,B,18000,12.18,0,0.16,N,4,220000000,18000000
23,87550,RENT,7,MEDICAL,A,18000,7.51,1,0.17,N,3,175100000,18000000
26,116004,RENT,6,VENTURE,B,18000,11.83,0,0.16,N,4,232008000,18000000
24,121000,RENT,8,PERSONAL,F,18000,18.3,0,0.15,N,3,242000000,18000000
22,125000,RENT,3,MEDICAL,C,18000,14.79,0,0.14,Y,3,250000000,18000000
25,24000,OWN,4,MEDICAL,B,5000,10.95,0,0.21,N,3,48000000,5000000
22,144500,RENT,5,DEBTCONSOLIDATION,C,18000,13.72,0,0.12,N,3,289000000,18000000
24,155000,RENT,8,EDUCATION,B,18000,10.62,0,0.12,N,4,310000000,18000000
22,24000,OWN,6,MEDICAL,B,5000,12.21,0,0.21,N,3,48000000,5000000
21,75000,RENT,3,EDUCATION,C,17950,10.91,0,0.24,N,3,150000000,17950000
25,24000,OWN,0,MEDICAL,A,7000,9.63,0,0.29,N,3,48000000,7000000
23,62050,RENT,1,MEDICAL,E,17800,16.35,1,0.24,Y,3,124100000,17800000
23,24000,OWN,1,EDUCATION,B,1500,12.21,0,0.06,N,2,48000000,1500000
22,48000,RENT,0,DEBTCONSOLIDATION,C,17750,13.49,1,0.37,N,4,96000000,17750000
22,65000,RENT,6,DEBTCONSOLIDATION,B,17700,11.49,0,0.27,N,2,130000000,17700000
26,24000,MORTGAGE,5,PERSONAL,B,8000,9.76,0,0.33,N,3,48000000,8000000
24,24000,MORTGAGE,3,EDUCATION,C,8000,11.34,0,0.33,Y,4,48000000,8000000
22,24000,MORTGAGE,2,EDUCATION,D,3975,13.87,0,0.17,N,3,48000000,3975000
23,45000,RENT,1,DEBTCONSOLIDATION,A,17625,8.9,1,0.39,N,4,90000000,17625000
22,65500,RENT,4,EDUCATION,B,17600,10.74,0,0.27,N,2,131000000,17600000
24,70000,RENT,1,HOMEIMPROVEMENT,B,17600,10.62,0,0.25,N,2,140000000,17600000
21,24000,MORTGAGE,2,EDUCATION,B,5000,8.7,0,0.21,N,2,48000000,5000000
23,24091,MORTGAGE,5,PERSONAL,C,3500,12.99,0,0.15,Y,2,48182000,3500000
24,72250,RENT,5,MEDICAL,E,17600,17.19,1,0.21,Y,4,144500000,17600000
25,32400,RENT,1,HOMEIMPROVEMENT,D,17500,15.95,1,0.54,Y,3,64800000,17500000
23,36000,RENT,2,VENTURE,C,17500,14.22,1,0.49,N,4,72000000,17500000
21,37232,RENT,3,MEDICAL,B,17500,12.53,1,0.47,N,2,74464000,17500000
21,24300,OWN,3,MEDICAL,B,4500,11.83,0,0.19,N,4,48600000,4500000
21,24396,MORTGAGE,2,VENTURE,D,4000,15.05,0,0.16,N,4,48792000,4000000
24,40800,RENT,6,MEDICAL,B,17500,10.62,1,0.43,N,4,81600000,17500000
22,24449,OWN,2,VENTURE,B,1800,11.89,0,0.07,N,4,48898000,1800000
25,44000,RENT,6,EDUCATION,B,17500,12.53,1,0.4,N,4,88000000,17500000
23,47500,RENT,5,MEDICAL,C,17500,13.61,1,0.37,N,4,95000000,17500000
22,49176,RENT,7,MEDICAL,C,17500,13.85,1,0.36,N,2,98352000,17500000
23,49270,RENT,7,DEBTCONSOLIDATION,C,17500,13.85,1,0.36,N,4,98540000,17500000
23,53352,RENT,3,VENTURE,A,17500,6.54,1,0.33,N,2,106704000,17500000
24,54996,RENT,7,EDUCATION,E,17500,17.19,1,0.32,N,3,109992000,17500000
24,58000,RENT,5,EDUCATION,C,17500,13.49,0,0.3,Y,4,116000000,17500000
23,59000,RENT,1,EDUCATION,B,17500,9.25,0,0.3,N,4,118000000,17500000
26,60000,RENT,10,VENTURE,A,17500,6.54,0,0.29,N,4,120000000,17500000
26,75000,RENT,4,PERSONAL,A,17500,7.9,0,0.23,N,2,150000000,17500000
22,24900,MORTGAGE,1,MEDICAL,C,5500,13.16,1,0.22,N,2,49800000,5500000
25,95950,RENT,2,HOMEIMPROVEMENT,B,17500,11.71,0,0.18,N,2,191900000,17500000
21,24960,MORTGAGE,0,PERSONAL,C,2000,13.99,0,0.08,Y,3,49920000,2000000
23,40000,RENT,2,EDUCATION,B,17475,9.91,1,0.44,N,2,80000000,17475000
21,45408,RENT,3,DEBTCONSOLIDATION,B,17475,9.91,1,0.38,N,2,90816000,17475000
23,24996,MORTGAGE,4,EDUCATION,B,5000,12.69,0,0.2,N,2,49992000,5000000
22,58000,RENT,0,EDUCATION,A,17475,7.51,0,0.3,N,3,116000000,17475000
24,82000,RENT,7,PERSONAL,B,17400,11.99,0,0.21,N,4,164000000,17400000
24,96000,RENT,1,DEBTCONSOLIDATION,B,17400,10.37,0,0.18,N,2,192000000,17400000
24,133000,RENT,5,EDUCATION,B,17400,11.71,0,0.13,N,4,266000000,17400000
24,95000,RENT,8,PERSONAL,D,17200,17.58,0,0.18,N,3,190000000,17200000
23,35000,RENT,6,EDUCATION,B,17000,10.37,1,0.49,N,2,70000000,17000000
26,29400,RENT,1,HOMEIMPROVEMENT,C,17000,12.99,1,0.58,Y,2,58800000,17000000
21,24996,OWN,3,EDUCATION,D,7000,15.58,0,0.28,N,2,49992000,7000000
22,40000,RENT,1,DEBTCONSOLIDATION,B,17000,10.65,1,0.42,N,4,80000000,17000000
22,41400,RENT,2,MEDICAL,C,17000,12.87,1,0.41,N,3,82800000,17000000
22,42000,RENT,5,DEBTCONSOLIDATION,A,17000,7.66,1,0.4,N,4,84000000,17000000
24,43275,RENT,4,MEDICAL,C,17000,13.47,1,0.39,N,3,86550000,17000000
24,45792,RENT,3,DEBTCONSOLIDATION,B,17000,10.38,1,0.37,N,2,91584000,17000000
23,47000,RENT,8,DEBTCONSOLIDATION,B,17000,9.99,1,0.36,N,4,94000000,17000000
25,49896,RENT,7,EDUCATION,E,17000,16.82,1,0.34,N,3,99792000,17000000
24,50000,RENT,3,PERSONAL,C,17000,13.79,1,0.34,N,3,100000000,17000000
23,24996,OWN,1,EDUCATION,B,8000,11.26,0,0.32,N,2,49992000,8000000
23,51000,RENT,7,PERSONAL,A,17000,8.49,1,0.33,N,4,102000000,17000000
25,52000,RENT,9,MEDICAL,C,17000,12.98,1,0.33,Y,2,104000000,17000000
21,24996,OWN,5,MEDICAL,C,6500,11.34,0,0.26,Y,4,49992000,6500000
23,52000,RENT,3,DEBTCONSOLIDATION,B,17000,11.58,1,0.33,N,4,104000000,17000000
23,54660,RENT,6,MEDICAL,B,17000,9.88,1,0.31,N,4,109320000,17000000
24,55782,RENT,3,DEBTCONSOLIDATION,A,17000,7.51,0,0.3,N,3,111564000,17000000
23,53000,RENT,8,PERSONAL,B,17000,10.25,1,0.32,N,4,106000000,17000000
22,25000,OWN,1,MEDICAL,C,2400,14.27,0,0.1,Y,2,50000000,2400000
23,60000,RENT,3,PERSONAL,B,17000,11.11,0,0.28,N,2,120000000,17000000
25,60000,RENT,3,PERSONAL,A,17000,6.91,0,0.28,N,2,120000000,17000000
25,62000,RENT,3,VENTURE,A,17000,5.99,0,0.27,N,3,124000000,17000000
